MedBrandNameCountryID,MedicationBrandNameID,MedicationNameID,CreatedBy,CreatedDatetime,UpdatedBy,UpdatedDatetime,IsDeleted,CountryID,DosageFormID,MedicationClassificationID
190,129,130,101,2017-06-01 14:57:48.114986+05:30,101,2017-06-01 14:57:48.114986+05:30,f,101,,101
149,115,116,101,2017-06-01 12:15:19.408048+05:30,101,2017-06-23 12:55:41.45949+05:30,f,101,103,107
203,117,101,101,2017-07-06 17:10:58.997925+05:30,101,2017-07-06 17:10:58.997925+05:30,f,102,103,101
217,117,134,101,2017-07-06 17:24:24.173374+05:30,101,2017-07-06 17:24:24.173374+05:30,f,102,103,115
222,117,105,101,2017-07-06 17:29:42.753028+05:30,101,2017-07-06 17:29:42.753028+05:30,f,102,103,103
225,117,107,101,2017-07-06 17:31:18.631576+05:30,101,2017-07-06 17:31:18.631576+05:30,f,102,103,104
230,129,136,101,2017-07-06 17:32:55.727796+05:30,101,2017-07-06 17:32:55.727796+05:30,f,102,103,104
231,117,108,101,2017-07-06 17:33:19.7938+05:30,101,2017-07-06 17:33:19.7938+05:30,f,102,103,104
233,117,110,101,2017-07-06 17:33:57.857061+05:30,101,2017-07-06 17:33:57.857061+05:30,f,102,103,104
234,129,110,101,2017-07-06 17:34:13.052292+05:30,101,2017-07-06 17:34:13.052292+05:30,f,102,103,104
246,117,112,101,2017-07-06 17:39:50.805435+05:30,101,2017-07-06 17:39:50.805435+05:30,f,102,103,105
250,117,141,101,2017-07-06 17:41:19.555578+05:30,101,2017-07-06 17:41:19.555578+05:30,f,102,103,105
251,129,141,101,2017-07-06 17:41:34.476052+05:30,101,2017-07-06 17:41:34.476052+05:30,f,102,103,105
256,117,144,101,2017-07-06 17:43:14.173486+05:30,101,2017-07-06 17:43:14.173486+05:30,f,102,103,105
260,129,115,101,2017-07-06 17:44:43.115671+05:30,101,2017-07-06 17:44:43.115671+05:30,f,102,103,106
268,117,118,101,2017-07-06 17:47:45.742285+05:30,101,2017-07-06 17:47:45.742285+05:30,f,102,103,109
271,129,147,101,2017-07-06 17:49:02.40698+05:30,101,2017-07-06 17:49:02.40698+05:30,f,102,103,109
289,117,125,101,2017-07-06 17:56:03.976536+05:30,101,2017-07-06 17:56:03.976536+05:30,f,102,103,112
290,129,125,101,2017-07-06 17:56:19.727214+05:30,101,2017-07-06 17:56:19.727214+05:30,f,102,103,112
291,117,126,101,2017-07-06 17:56:43.247874+05:30,101,2017-07-06 17:56:43.247874+05:30,f,102,103,112
294,129,153,101,2017-07-06 17:57:49.264373+05:30,101,2017-07-06 17:57:49.264373+05:30,f,102,103,112
204,129,101,101,2017-07-06 17:11:47.186149+05:30,101,2017-07-06 17:11:47.186149+05:30,f,102,103,101
211,129,130,101,2017-07-06 17:15:25.003443+05:30,101,2017-07-06 17:15:25.003443+05:30,f,102,,101
218,129,134,101,2017-07-06 17:25:03.613796+05:30,101,2017-07-06 17:25:03.613796+05:30,f,102,103,115
115,129,105,101,2017-06-01 11:55:25.21684+05:30,101,2017-06-01 11:55:25.21684+05:30,f,101,103,103
125,108,108,101,2017-06-01 12:03:07.10476+05:30,101,2017-06-01 12:03:07.10476+05:30,f,101,103,104
135,129,112,101,2017-06-01 12:07:28.804044+05:30,101,2017-06-01 12:07:28.804044+05:30,f,101,103,105
146,102,115,101,2017-06-01 12:13:27.347724+05:30,101,2017-06-01 12:13:27.347724+05:30,f,101,103,106
156,130,118,101,2017-06-01 12:19:04.99297+05:30,101,2017-06-01 12:19:04.99297+05:30,f,101,101,109
176,124,124,101,2017-06-01 12:33:42.485509+05:30,101,2017-06-01 12:33:42.485509+05:30,f,101,103,112
177,129,124,101,2017-06-01 12:33:53.509946+05:30,101,2017-06-01 12:33:53.509946+05:30,f,101,103,112
181,117,126,101,2017-06-01 12:36:30.312687+05:30,101,2017-06-01 12:36:30.312687+05:30,f,101,103,112
182,129,126,101,2017-06-01 12:36:44.341904+05:30,101,2017-06-01 12:36:44.341904+05:30,f,101,103,112
219,129,130,101,2017-07-06 17:25:03.613796+05:30,101,2017-07-06 17:25:03.613796+05:30,f,102,,115
220,117,104,101,2017-07-06 17:28:46.878697+05:30,101,2017-07-06 17:28:46.878697+05:30,f,102,103,103
221,129,104,101,2017-07-06 17:29:19.632754+05:30,101,2017-07-06 17:29:19.632754+05:30,f,102,103,103
223,129,105,101,2017-07-06 17:30:04.846581+05:30,101,2017-07-06 17:30:04.846581+05:30,f,102,103,103
227,117,135,101,2017-07-06 17:32:00.212628+05:30,101,2017-07-06 17:32:00.212628+05:30,f,102,103,104
228,129,135,101,2017-07-06 17:32:16.064748+05:30,101,2017-07-06 17:32:16.064748+05:30,f,102,103,104
237,117,137,101,2017-07-06 17:35:26.059981+05:30,101,2017-07-06 17:35:26.059981+05:30,f,102,103,104
238,129,137,101,2017-07-06 17:35:44.613018+05:30,101,2017-07-06 17:35:44.613018+05:30,f,102,103,104
240,129,138,101,2017-07-06 17:36:32.955283+05:30,101,2017-07-06 17:36:32.955283+05:30,f,102,103,104
224,129,130,101,2017-07-06 17:30:51.239516+05:30,101,2017-07-06 17:30:51.239516+05:30,f,102,,103
254,117,143,101,2017-07-06 17:42:36.2134+05:30,101,2017-07-06 17:42:36.2134+05:30,f,102,103,105
255,129,143,101,2017-07-06 17:42:51.036043+05:30,101,2017-07-06 17:42:51.036043+05:30,f,102,103,105
269,129,118,101,2017-07-06 17:48:19.575108+05:30,101,2017-07-06 17:48:19.575108+05:30,f,102,103,109
205,117,102,101,2017-07-06 17:12:23.218959+05:30,101,2017-07-06 17:12:23.218959+05:30,f,102,103,101
206,129,102,101,2017-07-06 17:12:57.408367+05:30,101,2017-07-06 17:12:57.408367+05:30,f,102,103,101
243,117,140,101,2017-07-06 17:37:33.443849+05:30,101,2017-07-06 17:37:33.443849+05:30,f,102,103,104
244,129,140,101,2017-07-06 17:37:50.00252+05:30,101,2017-07-06 17:37:50.00252+05:30,f,102,103,104
245,129,130,101,2017-07-06 17:38:12.942853+05:30,101,2017-07-06 17:38:12.942853+05:30,f,102,,104
166,129,120,101,2017-06-01 12:28:51.589047+05:30,101,2017-06-01 12:28:51.589047+05:30,f,101,103,110
178,117,125,101,2017-06-01 12:34:46.84318+05:30,101,2017-06-01 12:34:46.84318+05:30,f,101,103,112
179,133,125,101,2017-06-01 12:35:06.732895+05:30,101,2017-06-01 12:35:06.732895+05:30,f,101,103,112
180,129,125,101,2017-06-01 12:35:26.700115+05:30,101,2017-06-01 12:35:26.700115+05:30,f,101,103,112
183,117,127,101,2017-06-01 12:37:15.403823+05:30,101,2017-06-01 12:37:15.403823+05:30,f,101,103,113
253,129,142,101,2017-07-06 17:42:13.494189+05:30,101,2017-07-06 17:42:13.494189+05:30,f,102,103,105
191,129,130,101,2017-06-01 14:57:48.114986+05:30,101,2017-06-01 14:57:48.114986+05:30,f,101,,102
192,129,130,101,2017-06-01 14:57:48.114986+05:30,101,2017-06-01 14:57:48.114986+05:30,f,101,,103
193,129,130,101,2017-06-01 14:57:48.114986+05:30,101,2017-06-01 14:57:48.114986+05:30,f,101,,104
194,129,130,101,2017-06-01 14:57:48.114986+05:30,101,2017-06-01 14:57:48.114986+05:30,f,101,,105
195,129,130,101,2017-06-01 14:57:48.114986+05:30,101,2017-06-01 14:57:48.114986+05:30,f,101,,106
196,129,130,101,2017-06-01 14:57:48.114986+05:30,101,2017-06-01 14:57:48.114986+05:30,f,101,,108
197,129,130,101,2017-06-01 14:57:48.114986+05:30,101,2017-06-01 14:57:48.114986+05:30,f,101,,109
198,129,130,101,2017-06-01 14:57:48.114986+05:30,101,2017-06-01 14:57:48.114986+05:30,f,101,,110
199,129,130,101,2017-06-01 14:57:48.114986+05:30,101,2017-06-01 14:57:48.114986+05:30,f,101,,111
200,129,130,101,2017-06-01 14:57:48.114986+05:30,101,2017-06-01 14:57:48.114986+05:30,f,101,,112
201,129,130,101,2017-06-01 14:57:48.114986+05:30,101,2017-06-01 14:57:48.114986+05:30,f,101,,113
202,129,130,101,2017-06-01 14:57:48.114986+05:30,101,2017-06-01 14:57:48.114986+05:30,f,101,,114
263,117,146,101,2017-07-06 17:45:44.795718+05:30,101,2017-07-06 17:45:44.795718+05:30,f,102,103,106
274,117,149,101,2017-07-06 17:50:03.046387+05:30,101,2017-07-06 17:50:03.046387+05:30,f,102,103,109
278,117,151,101,2017-07-06 17:51:18.744969+05:30,101,2017-07-06 17:51:18.744969+05:30,f,102,103,109
303,117,155,101,2017-07-06 18:00:44.486448+05:30,101,2017-07-06 18:00:44.486448+05:30,f,102,103,114
258,129,130,101,2017-07-06 17:44:07.880741+05:30,101,2017-07-06 17:44:07.880741+05:30,f,102,,105
207,117,131,101,2017-07-06 17:13:33.395244+05:30,101,2017-07-06 17:13:33.395244+05:30,f,102,103,101
184,131,127,101,2017-06-01 12:37:38.987912+05:30,101,2017-06-01 12:37:38.987912+05:30,f,101,103,113
208,129,131,101,2017-07-06 17:13:52.188117+05:30,101,2017-07-06 17:13:52.188117+05:30,f,102,103,101
249,129,114,101,2017-07-06 17:40:48.297885+05:30,101,2017-07-06 17:40:48.297885+05:30,f,102,103,105
264,129,146,101,2017-07-06 17:46:06.314961+05:30,101,2017-07-06 17:46:06.314961+05:30,f,102,103,106
272,117,148,101,2017-07-06 17:49:23.878723+05:30,101,2017-07-06 17:49:23.878723+05:30,f,102,103,109
276,117,150,101,2017-07-06 17:50:39.824167+05:30,101,2017-07-06 17:50:39.824167+05:30,f,102,103,109
280,117,152,101,2017-07-06 17:51:57.287415+05:30,101,2017-07-06 17:51:57.287415+05:30,f,102,103,109
283,117,120,101,2017-07-06 17:53:10.391115+05:30,101,2017-07-06 17:53:10.391115+05:30,f,102,103,110
292,129,126,101,2017-07-06 17:56:59.02374+05:30,101,2017-07-06 17:56:59.02374+05:30,f,102,103,112
293,117,153,101,2017-07-06 17:57:20.521006+05:30,101,2017-07-06 17:57:20.521006+05:30,f,102,103,112
296,129,154,101,2017-07-06 17:58:28.753078+05:30,101,2017-07-06 17:58:28.753078+05:30,f,102,103,112
209,117,132,101,2017-07-06 17:14:25.902032+05:30,101,2017-07-06 17:14:25.902032+05:30,f,102,103,101
215,117,133,101,2017-07-06 17:23:31.749547+05:30,101,2017-07-06 17:23:31.749547+05:30,f,102,103,115
185,129,127,101,2017-06-01 12:37:55.802392+05:30,101,2017-06-01 12:37:55.802392+05:30,f,101,103,113
186,117,128,101,2017-06-01 12:38:27.060224+05:30,101,2017-06-01 12:38:27.060224+05:30,f,101,103,114
216,129,133,101,2017-07-06 17:23:50.720774+05:30,101,2017-07-06 17:23:50.720774+05:30,f,102,103,115
226,129,107,101,2017-07-06 17:31:35.43449+05:30,101,2017-07-06 17:31:35.43449+05:30,f,102,103,104
241,117,139,101,2017-07-06 17:36:52.811366+05:30,101,2017-07-06 17:36:52.811366+05:30,f,102,103,104
242,129,139,101,2017-07-06 17:37:10.644115+05:30,101,2017-07-06 17:37:10.644115+05:30,f,102,103,104
247,129,112,101,2017-07-06 17:40:07.616493+05:30,101,2017-07-06 17:40:07.616493+05:30,f,102,103,105
252,117,142,101,2017-07-06 17:41:54.134125+05:30,101,2017-07-06 17:41:54.134125+05:30,f,102,103,105
261,117,145,101,2017-07-06 17:45:04.988794+05:30,101,2017-07-06 17:45:04.988794+05:30,f,102,103,106
262,129,145,101,2017-07-06 17:45:23.077197+05:30,101,2017-07-06 17:45:23.077197+05:30,f,102,103,106
267,129,118,101,2017-07-06 17:47:28.713318+05:30,101,2017-07-06 17:47:28.713318+05:30,f,102,101,109
270,117,147,101,2017-07-06 17:48:43.936802+05:30,101,2017-07-06 17:48:43.936802+05:30,f,102,103,109
275,129,149,101,2017-07-06 17:50:19.127552+05:30,101,2017-07-06 17:50:19.127552+05:30,f,102,103,109
279,129,151,101,2017-07-06 17:51:34.920822+05:30,101,2017-07-06 17:51:34.920822+05:30,f,102,103,109
299,129,127,101,2017-07-06 17:59:28.665138+05:30,101,2017-07-06 17:59:28.665138+05:30,f,102,103,113
301,117,128,101,2017-07-06 18:00:08.459659+05:30,101,2017-07-06 18:00:08.459659+05:30,f,102,103,114
265,129,130,101,2017-07-06 17:46:29.104987+05:30,101,2017-07-06 17:46:29.104987+05:30,f,102,,106
210,129,132,101,2017-07-06 17:14:46.133806+05:30,101,2017-07-06 17:14:46.133806+05:30,f,102,103,101
213,129,103,101,2017-07-06 17:22:31.190304+05:30,101,2017-07-06 17:22:31.190304+05:30,f,102,103,102
103,117,102,101,2017-06-01 11:47:52.526994+05:30,101,2017-06-01 11:47:52.526994+05:30,f,101,103,101
105,117,103,101,2017-06-01 11:50:05.326442+05:30,101,2017-06-01 11:50:05.326442+05:30,f,101,103,102
106,101,103,101,2017-06-01 11:50:35.21701+05:30,101,2017-06-01 11:50:35.21701+05:30,f,101,103,102
107,129,103,101,2017-06-01 11:50:57.286656+05:30,101,2017-06-01 11:50:57.286656+05:30,f,101,103,102
108,117,104,101,2017-06-01 11:51:27.515059+05:30,101,2017-06-01 11:51:27.515059+05:30,f,101,103,103
109,120,104,101,2017-06-01 11:52:36.748065+05:30,101,2017-06-01 11:52:36.748065+05:30,f,101,103,103
110,121,104,101,2017-06-01 11:53:13.888418+05:30,101,2017-06-01 11:53:13.888418+05:30,f,101,103,103
111,122,104,101,2017-06-01 11:53:39.735817+05:30,101,2017-06-01 11:53:39.735817+05:30,f,101,103,103
112,129,104,101,2017-06-01 11:54:05.874211+05:30,101,2017-06-01 11:54:05.874211+05:30,f,101,103,103
113,117,105,101,2017-06-01 11:54:41.492556+05:30,101,2017-06-01 11:54:41.492556+05:30,f,101,103,103
114,114,105,101,2017-06-01 11:55:04.823164+05:30,101,2017-06-01 11:55:04.823164+05:30,f,101,103,103
116,117,106,101,2017-06-01 11:57:17.413374+05:30,101,2017-06-01 11:57:17.413374+05:30,f,101,103,103
117,107,106,101,2017-06-01 11:57:41.350115+05:30,101,2017-06-01 11:57:41.350115+05:30,f,101,103,103
118,129,106,101,2017-06-01 11:59:09.014735+05:30,101,2017-06-01 11:59:09.014735+05:30,f,101,103,103
119,117,107,101,2017-06-01 12:00:03.452263+05:30,101,2017-06-01 12:00:03.452263+05:30,f,101,103,104
120,106,107,101,2017-06-01 12:00:40.479017+05:30,101,2017-06-01 12:00:40.479017+05:30,f,101,103,104
121,113,107,101,2017-06-01 12:01:05.795339+05:30,101,2017-06-01 12:01:05.795339+05:30,f,101,103,104
122,111,107,101,2017-06-01 12:01:28.155031+05:30,101,2017-06-01 12:01:28.155031+05:30,f,101,103,104
123,129,107,101,2017-06-01 12:01:50.882486+05:30,101,2017-06-01 12:01:50.882486+05:30,f,101,103,104
124,117,108,101,2017-06-01 12:02:26.746541+05:30,101,2017-06-01 12:02:26.746541+05:30,f,101,103,104
126,129,108,101,2017-06-01 12:03:32.826552+05:30,101,2017-06-01 12:03:32.826552+05:30,f,101,103,104
127,117,109,101,2017-06-01 12:04:06.834217+05:30,101,2017-06-01 12:04:06.834217+05:30,f,101,103,104
128,129,109,101,2017-06-01 12:04:28.907046+05:30,101,2017-06-01 12:04:28.907046+05:30,f,101,103,104
129,117,110,101,2017-06-01 12:04:55.300604+05:30,101,2017-06-01 12:04:55.300604+05:30,f,101,103,104
130,129,110,101,2017-06-01 12:05:10.930716+05:30,101,2017-06-01 12:05:10.930716+05:30,f,101,103,104
131,117,111,101,2017-06-01 12:05:37.01796+05:30,101,2017-06-01 12:05:37.01796+05:30,f,101,103,104
132,129,111,101,2017-06-01 12:05:52.98728+05:30,101,2017-06-01 12:05:52.98728+05:30,f,101,103,104
133,117,112,101,2017-06-01 12:06:37.514728+05:30,101,2017-06-01 12:06:37.514728+05:30,f,101,103,105
134,103,112,101,2017-06-01 12:07:02.843698+05:30,101,2017-06-01 12:07:02.843698+05:30,f,101,103,105
136,117,113,101,2017-06-01 12:08:51.169766+05:30,101,2017-06-01 12:08:51.169766+05:30,f,101,103,105
137,125,113,101,2017-06-01 12:09:14.387022+05:30,101,2017-06-01 12:09:14.387022+05:30,f,101,103,105
138,132,113,101,2017-06-01 12:09:36.654535+05:30,101,2017-06-01 12:09:36.654535+05:30,f,101,103,105
139,129,113,101,2017-06-01 12:09:49.022788+05:30,101,2017-06-01 12:09:49.022788+05:30,f,101,103,105
140,117,114,101,2017-06-01 12:10:57.551592+05:30,101,2017-06-01 12:10:57.551592+05:30,f,101,103,105
141,126,114,101,2017-06-01 12:11:28.037187+05:30,101,2017-06-01 12:11:28.037187+05:30,f,101,103,105
142,127,114,101,2017-06-01 12:11:49.756958+05:30,101,2017-06-01 12:11:49.756958+05:30,f,101,103,105
143,128,114,101,2017-06-01 12:12:18.003958+05:30,101,2017-06-01 12:12:18.003958+05:30,f,101,103,105
144,129,114,101,2017-06-01 12:12:37.723319+05:30,101,2017-06-01 12:12:37.723319+05:30,f,101,103,105
145,117,115,101,2017-06-01 12:13:06.65939+05:30,101,2017-06-01 12:13:06.65939+05:30,f,101,103,106
147,129,115,101,2017-06-01 12:13:50.90873+05:30,101,2017-06-01 12:13:50.90873+05:30,f,101,103,106
148,117,116,101,2017-06-01 12:15:00.368712+05:30,101,2017-06-01 12:15:00.368712+05:30,f,101,103,107
150,129,116,101,2017-06-01 12:15:31.938077+05:30,101,2017-06-01 12:15:31.938077+05:30,f,101,103,107
151,117,117,101,2017-06-01 12:16:23.173428+05:30,101,2017-06-01 12:16:23.173428+05:30,f,101,103,108
152,116,117,101,2017-06-01 12:16:36.484194+05:30,101,2017-06-01 12:16:36.484194+05:30,f,101,103,108
153,129,117,101,2017-06-01 12:16:50.494025+05:30,101,2017-06-01 12:16:50.494025+05:30,f,101,103,108
154,117,118,101,2017-06-01 12:18:09.807165+05:30,101,2017-06-01 12:18:09.807165+05:30,f,101,101,109
155,110,118,101,2017-06-01 12:18:38.222348+05:30,101,2017-06-01 12:18:38.222348+05:30,f,101,101,109
157,129,118,101,2017-06-01 12:19:31.799153+05:30,101,2017-06-01 12:19:31.799153+05:30,f,101,101,109
158,117,118,101,2017-06-01 12:19:31.799153+05:30,101,2017-06-01 12:19:31.799153+05:30,f,101,103,109
159,118,118,101,2017-06-01 12:21:20.326747+05:30,101,2017-06-01 12:21:20.326747+05:30,f,101,103,109
160,129,118,101,2017-06-01 12:21:44.574456+05:30,101,2017-06-01 12:21:44.574456+05:30,f,101,103,109
161,117,119,101,2017-06-01 12:22:52.973207+05:30,101,2017-06-01 12:22:52.973207+05:30,f,101,103,110
162,119,119,101,2017-06-01 12:24:21.376236+05:30,101,2017-06-01 12:24:21.376236+05:30,f,101,103,110
163,129,119,101,2017-06-01 12:27:20.490384+05:30,101,2017-06-01 12:27:20.490384+05:30,f,101,103,110
164,117,120,101,2017-06-01 12:27:47.289127+05:30,101,2017-06-01 12:27:47.289127+05:30,f,101,103,110
165,123,120,101,2017-06-01 12:28:21.41367+05:30,101,2017-06-01 12:28:21.41367+05:30,f,101,103,110
167,117,121,101,2017-06-01 12:29:23.92123+05:30,101,2017-06-01 12:29:23.92123+05:30,f,101,103,110
168,112,121,101,2017-06-01 12:29:43.964277+05:30,101,2017-06-01 12:29:43.964277+05:30,f,101,103,110
169,129,121,101,2017-06-01 12:30:01.297477+05:30,101,2017-06-01 12:30:01.297477+05:30,f,101,103,110
170,117,122,101,2017-06-01 12:30:31.538183+05:30,101,2017-06-01 12:30:31.538183+05:30,f,101,103,111
171,129,122,101,2017-06-01 12:30:46.577575+05:30,101,2017-06-01 12:30:46.577575+05:30,f,101,103,111
172,117,123,101,2017-06-01 12:31:22.705811+05:30,101,2017-06-01 12:31:22.705811+05:30,f,101,103,112
173,109,123,101,2017-06-01 12:31:44.142334+05:30,101,2017-06-01 12:31:44.142334+05:30,f,101,103,112
174,129,123,101,2017-06-01 12:32:04.323434+05:30,101,2017-06-01 12:32:04.323434+05:30,f,101,103,112
175,117,124,101,2017-06-01 12:33:22.198331+05:30,101,2017-06-01 12:33:22.198331+05:30,f,101,103,112
187,105,128,101,2017-06-01 12:38:49.323992+05:30,101,2017-06-01 12:38:49.323992+05:30,f,101,103,114
188,129,128,101,2017-06-01 12:39:09.965685+05:30,101,2017-06-01 12:39:09.965685+05:30,f,101,103,114
212,117,103,101,2017-07-06 17:22:16.358151+05:30,101,2017-07-06 17:22:16.358151+05:30,f,102,103,102
214,129,130,101,2017-07-06 17:22:57.701862+05:30,101,2017-07-06 17:22:57.701862+05:30,f,102,,102
229,117,136,101,2017-07-06 17:32:40.118468+05:30,101,2017-07-06 17:32:40.118468+05:30,f,102,103,104
232,129,108,101,2017-07-06 17:33:37.429296+05:30,101,2017-07-06 17:33:37.429296+05:30,f,102,103,104
235,117,111,101,2017-07-06 17:34:35.444895+05:30,101,2017-07-06 17:34:35.444895+05:30,f,102,103,104
236,129,111,101,2017-07-06 17:34:51.589715+05:30,101,2017-07-06 17:34:51.589715+05:30,f,102,103,104
239,117,138,101,2017-07-06 17:36:18.709935+05:30,101,2017-07-06 17:36:18.709935+05:30,f,102,103,104
248,117,114,101,2017-07-06 17:40:33.083185+05:30,101,2017-07-06 17:40:33.083185+05:30,f,102,103,105
257,129,144,101,2017-07-06 17:43:44.252351+05:30,101,2017-07-06 17:43:44.252351+05:30,f,102,103,105
259,117,115,101,2017-07-06 17:44:28.757885+05:30,101,2017-07-06 17:44:28.757885+05:30,f,102,103,106
266,117,118,101,2017-07-06 17:47:12.787495+05:30,101,2017-07-06 17:47:12.787495+05:30,f,102,101,109
273,129,148,101,2017-07-06 17:49:41.6253+05:30,101,2017-07-06 17:49:41.6253+05:30,f,102,103,109
277,129,150,101,2017-07-06 17:50:57.138654+05:30,101,2017-07-06 17:50:57.138654+05:30,f,102,103,109
281,129,152,101,2017-07-06 17:52:14.21874+05:30,101,2017-07-06 17:52:14.21874+05:30,f,102,103,109
284,129,120,101,2017-07-06 17:53:30.751269+05:30,101,2017-07-06 17:53:30.751269+05:30,f,102,103,110
286,117,122,101,2017-07-06 17:54:23.951891+05:30,101,2017-07-06 17:54:23.951891+05:30,f,102,103,111
287,129,122,101,2017-07-06 17:54:40.164333+05:30,101,2017-07-06 17:54:40.164333+05:30,f,102,103,111
295,117,154,101,2017-07-06 17:58:08.676476+05:30,101,2017-07-06 17:58:08.676476+05:30,f,102,103,112
298,117,127,101,2017-07-06 17:59:13.885959+05:30,101,2017-07-06 17:59:13.885959+05:30,f,102,103,113
302,129,128,101,2017-07-06 18:00:22.508393+05:30,101,2017-07-06 18:00:22.508393+05:30,f,102,103,114
304,129,155,101,2017-07-06 18:00:59.249122+05:30,101,2017-07-06 18:00:59.249122+05:30,f,102,103,114
282,129,130,101,2017-07-06 17:52:38.713289+05:30,101,2017-07-06 17:52:38.713289+05:30,f,102,,109
285,129,130,101,2017-07-06 17:53:59.104289+05:30,101,2017-07-06 17:53:59.104289+05:30,f,102,,110
288,129,130,101,2017-07-06 17:54:58.459145+05:30,101,2017-07-06 17:54:58.459145+05:30,f,102,,111
297,129,130,101,2017-07-06 17:58:53.089356+05:30,101,2017-07-06 17:58:53.089356+05:30,f,102,,112
300,129,130,101,2017-07-06 17:59:46.408741+05:30,101,2017-07-06 17:59:46.408741+05:30,f,102,,113
305,129,130,101,2017-07-06 18:01:20.888947+05:30,101,2017-07-06 18:01:20.888947+05:30,f,102,,114
306,117,156,101,2018-03-20 19:29:20.414083+05:30,101,2018-03-20 19:29:20.414083+05:30,f,102,,116
307,129,156,101,2018-03-20 19:29:20.414083+05:30,101,2018-03-20 19:29:20.414083+05:30,f,102,,116
308,129,130,101,2018-03-20 19:29:20.414083+05:30,101,2018-03-20 19:29:20.414083+05:30,f,102,,116
309,117,157,101,2018-03-20 19:29:20.414083+05:30,101,2018-03-20 19:29:20.414083+05:30,f,102,,117
310,129,157,101,2018-03-20 19:29:20.414083+05:30,101,2018-03-20 19:29:20.414083+05:30,f,102,,117
311,117,158,101,2018-03-20 19:29:20.414083+05:30,101,2018-03-20 19:29:20.414083+05:30,f,102,,117
312,129,158,101,2018-03-20 19:29:20.414083+05:30,101,2018-03-20 19:29:20.414083+05:30,f,102,,117
313,117,159,101,2018-03-20 19:29:20.414083+05:30,101,2018-03-20 19:29:20.414083+05:30,f,102,,117
314,129,159,101,2018-03-20 19:29:20.414083+05:30,101,2018-03-20 19:29:20.414083+05:30,f,102,,117
315,129,130,101,2018-03-20 19:29:20.414083+05:30,101,2018-03-20 19:29:20.414083+05:30,f,102,,117
316,117,160,101,2018-03-20 19:29:20.414083+05:30,101,2018-03-20 19:29:20.414083+05:30,f,102,,118
317,129,160,101,2018-03-20 19:29:20.414083+05:30,101,2018-03-20 19:29:20.414083+05:30,f,102,,118
318,117,162,101,2018-03-20 19:29:20.414083+05:30,101,2018-03-20 19:29:20.414083+05:30,f,102,,118
319,129,162,101,2018-03-20 19:29:20.414083+05:30,101,2018-03-20 19:29:20.414083+05:30,f,102,,118
320,129,130,101,2018-03-20 19:29:20.414083+05:30,101,2018-03-20 19:29:20.414083+05:30,f,102,,118
321,117,161,101,2018-03-20 19:29:20.414083+05:30,101,2018-03-20 19:29:20.414083+05:30,f,102,,119
322,129,161,101,2018-03-20 19:29:20.414083+05:30,101,2018-03-20 19:29:20.414083+05:30,f,102,,119
323,129,130,101,2018-03-20 19:29:20.414083+05:30,101,2018-03-20 19:29:20.414083+05:30,f,102,,119
324,117,163,101,2018-03-20 19:29:20.414083+05:30,101,2018-03-20 19:29:20.414083+05:30,f,102,,120
325,129,163,101,2018-03-20 19:29:20.414083+05:30,101,2018-03-20 19:29:20.414083+05:30,f,102,,120
326,117,164,101,2018-03-20 19:29:20.414083+05:30,101,2018-03-20 19:29:20.414083+05:30,f,102,,120
327,129,164,101,2018-03-20 19:29:20.414083+05:30,101,2018-03-20 19:29:20.414083+05:30,f,102,,120
328,129,130,101,2018-03-20 19:29:20.414083+05:30,101,2018-03-20 19:29:20.414083+05:30,f,102,,120
329,117,165,101,2018-03-20 19:29:20.414083+05:30,101,2018-03-20 19:29:20.414083+05:30,f,102,,121
330,129,165,101,2018-03-20 19:29:20.414083+05:30,101,2018-03-20 19:29:20.414083+05:30,f,102,,121
331,117,166,101,2018-03-20 19:29:20.414083+05:30,101,2018-03-20 19:29:20.414083+05:30,f,102,,121
332,129,166,101,2018-03-20 19:29:20.414083+05:30,101,2018-03-20 19:29:20.414083+05:30,f,102,,121
333,117,168,101,2018-03-20 19:29:20.414083+05:30,101,2018-03-20 19:29:20.414083+05:30,f,102,,121
334,129,168,101,2018-03-20 19:29:20.414083+05:30,101,2018-03-20 19:29:20.414083+05:30,f,102,,121
335,129,130,101,2018-03-20 19:29:20.414083+05:30,101,2018-03-20 19:29:20.414083+05:30,f,102,,121
336,117,167,101,2018-03-20 19:29:20.414083+05:30,101,2018-03-20 19:29:20.414083+05:30,f,102,,122
337,129,167,101,2018-03-20 19:29:20.414083+05:30,101,2018-03-20 19:29:20.414083+05:30,f,102,,122
338,129,130,101,2018-03-20 19:29:20.414083+05:30,101,2018-03-20 19:29:20.414083+05:30,f,102,,122
339,117,169,101,2018-03-20 19:29:20.414083+05:30,101,2018-03-20 19:29:20.414083+05:30,f,102,,123
340,129,169,101,2018-03-20 19:29:20.414083+05:30,101,2018-03-20 19:29:20.414083+05:30,f,102,,123
341,117,170,101,2018-03-20 19:29:20.414083+05:30,101,2018-03-20 19:29:20.414083+05:30,f,102,,123
342,129,170,101,2018-03-20 19:29:20.414083+05:30,101,2018-03-20 19:29:20.414083+05:30,f,102,,123
343,129,130,101,2018-03-20 19:29:20.414083+05:30,101,2018-03-20 19:29:20.414083+05:30,f,102,,123
344,117,116,101,2018-03-20 19:29:20.414083+05:30,101,2018-03-20 19:29:20.414083+05:30,f,102,,124
345,129,116,101,2018-03-20 19:29:20.414083+05:30,101,2018-03-20 19:29:20.414083+05:30,f,102,,124
346,117,171,101,2018-03-20 19:29:20.414083+05:30,101,2018-03-20 19:29:20.414083+05:30,f,102,,125
347,129,171,101,2018-03-20 19:29:20.414083+05:30,101,2018-03-20 19:29:20.414083+05:30,f,102,,125
348,129,130,101,2018-03-20 19:29:20.414083+05:30,101,2018-03-20 19:29:20.414083+05:30,f,102,,125
101,117,101,101,2017-06-01 11:45:52.312231+05:30,101,2018-05-24 15:52:11.29598+05:30,t,101,103,101
102,129,101,101,2017-06-01 11:46:52.967046+05:30,101,2018-05-24 15:52:14.851325+05:30,t,101,103,101
104,129,102,101,2017-06-01 11:48:46.047773+05:30,101,2018-05-24 15:52:20.121793+05:30,t,101,103,101
349,117,180,101,2018-05-24 17:48:38.176596+05:30,101,2018-05-24 17:48:38.176596+05:30,f,101,103,101
351,117,182,101,2018-05-24 17:59:32.707044+05:30,101,2018-05-24 17:59:41.486757+05:30,t,102,103,101
350,117,181,101,2018-05-24 17:55:19.437607+05:30,101,2018-05-24 17:59:46.42133+05:30,t,102,103,101
352,117,183,101,2018-05-25 12:35:34.514561+05:30,101,2018-05-25 12:36:43.280667+05:30,t,101,103,101
353,117,184,101,2018-06-01 14:32:03.188721+05:30,101,2018-06-01 14:32:03.188721+05:30,f,102,103,106
354,117,185,101,2018-06-04 13:28:30.384362+05:30,101,2018-06-04 13:28:30.384362+05:30,f,101,103,101
355,117,186,101,2018-08-23 15:15:38.590897+05:30,101,2018-08-23 15:15:38.590897+05:30,f,102,103,101
356,117,183,101,2018-08-27 13:50:18.024397+05:30,101,2018-08-27 13:50:26.777997+05:30,t,101,103,101
357,108,187,101,2018-12-04 13:20:03.693362+05:30,101,2018-12-04 13:20:03.693362+05:30,f,101,103,104
358,117,188,101,2018-12-05 16:16:10.179+05:30,101,2018-12-05 16:16:10.179+05:30,f,102,103,101
359,129,189,101,2019-02-07 12:43:22.344504+05:30,101,2019-02-07 12:43:22.344504+05:30,f,102,103,132
360,138,189,101,2019-02-07 12:43:22.344504+05:30,101,2019-02-07 12:43:22.344504+05:30,f,102,103,132
361,135,189,101,2019-02-07 12:43:22.344504+05:30,101,2019-02-07 12:43:22.344504+05:30,f,102,103,132
362,142,189,101,2019-02-07 12:43:22.344504+05:30,101,2019-02-07 12:43:22.344504+05:30,f,102,103,132
363,140,189,101,2019-02-07 12:43:22.344504+05:30,101,2019-02-07 12:43:22.344504+05:30,f,102,103,132
364,137,189,101,2019-02-07 12:43:22.344504+05:30,101,2019-02-07 12:43:22.344504+05:30,f,102,103,132
365,134,189,101,2019-02-07 12:43:22.344504+05:30,101,2019-02-07 12:43:22.344504+05:30,f,102,103,132
366,139,189,101,2019-02-07 12:43:22.344504+05:30,101,2019-02-07 12:43:22.344504+05:30,f,102,103,132
367,117,189,101,2019-02-07 12:43:22.344504+05:30,101,2019-02-07 12:43:22.344504+05:30,f,102,103,132
368,143,189,101,2019-02-07 12:43:22.344504+05:30,101,2019-02-07 12:43:22.344504+05:30,f,102,103,132
369,136,189,101,2019-02-07 12:43:22.344504+05:30,101,2019-02-07 12:43:22.344504+05:30,f,102,103,132
370,141,189,101,2019-02-07 12:43:22.344504+05:30,101,2019-02-07 12:43:22.344504+05:30,f,102,103,132
371,144,189,101,2019-02-07 12:43:22.344504+05:30,101,2019-02-07 12:43:22.344504+05:30,f,102,103,132
372,129,190,101,2019-02-07 12:43:22.344504+05:30,101,2019-02-07 12:43:22.344504+05:30,f,102,103,132
373,156,190,101,2019-02-07 12:43:22.344504+05:30,101,2019-02-07 12:43:22.344504+05:30,f,102,103,132
374,148,190,101,2019-02-07 12:43:22.344504+05:30,101,2019-02-07 12:43:22.344504+05:30,f,102,103,132
375,151,190,101,2019-02-07 12:43:22.344504+05:30,101,2019-02-07 12:43:22.344504+05:30,f,102,103,132
376,147,190,101,2019-02-07 12:43:22.344504+05:30,101,2019-02-07 12:43:22.344504+05:30,f,102,103,132
377,160,190,101,2019-02-07 12:43:22.344504+05:30,101,2019-02-07 12:43:22.344504+05:30,f,102,103,132
378,153,190,101,2019-02-07 12:43:22.344504+05:30,101,2019-02-07 12:43:22.344504+05:30,f,102,103,132
379,161,190,101,2019-02-07 12:43:22.344504+05:30,101,2019-02-07 12:43:22.344504+05:30,f,102,103,132
380,157,190,101,2019-02-07 12:43:22.344504+05:30,101,2019-02-07 12:43:22.344504+05:30,f,102,103,132
381,154,190,101,2019-02-07 12:43:22.344504+05:30,101,2019-02-07 12:43:22.344504+05:30,f,102,103,132
382,146,190,101,2019-02-07 12:43:22.344504+05:30,101,2019-02-07 12:43:22.344504+05:30,f,102,103,132
383,117,190,101,2019-02-07 12:43:22.344504+05:30,101,2019-02-07 12:43:22.344504+05:30,f,102,103,132
384,150,190,101,2019-02-07 12:43:22.344504+05:30,101,2019-02-07 12:43:22.344504+05:30,f,102,103,132
385,158,190,101,2019-02-07 12:43:22.344504+05:30,101,2019-02-07 12:43:22.344504+05:30,f,102,103,132
386,145,190,101,2019-02-07 12:43:22.344504+05:30,101,2019-02-07 12:43:22.344504+05:30,f,102,103,132
387,155,190,101,2019-02-07 12:43:22.344504+05:30,101,2019-02-07 12:43:22.344504+05:30,f,102,103,132
388,149,190,101,2019-02-07 12:43:22.344504+05:30,101,2019-02-07 12:43:22.344504+05:30,f,102,103,132
389,159,190,101,2019-02-07 12:43:22.344504+05:30,101,2019-02-07 12:43:22.344504+05:30,f,102,103,132
390,152,190,101,2019-02-07 12:43:22.344504+05:30,101,2019-02-07 12:43:22.344504+05:30,f,102,103,132
391,129,191,101,2019-02-07 12:43:22.344504+05:30,101,2019-02-07 12:43:22.344504+05:30,f,102,103,132
392,162,191,101,2019-02-07 12:43:22.344504+05:30,101,2019-02-07 12:43:22.344504+05:30,f,102,103,132
393,117,191,101,2019-02-07 12:43:22.344504+05:30,101,2019-02-07 12:43:22.344504+05:30,f,102,103,132
394,163,191,101,2019-02-07 12:43:22.344504+05:30,101,2019-02-07 12:43:22.344504+05:30,f,102,103,132
395,129,192,101,2019-02-07 12:43:22.344504+05:30,101,2019-02-07 12:43:22.344504+05:30,f,102,103,132
396,166,192,101,2019-02-07 12:43:22.344504+05:30,101,2019-02-07 12:43:22.344504+05:30,f,102,103,132
397,164,192,101,2019-02-07 12:43:22.344504+05:30,101,2019-02-07 12:43:22.344504+05:30,f,102,103,132
398,117,192,101,2019-02-07 12:43:22.344504+05:30,101,2019-02-07 12:43:22.344504+05:30,f,102,103,132
399,165,192,101,2019-02-07 12:43:22.344504+05:30,101,2019-02-07 12:43:22.344504+05:30,f,102,103,132
400,195,193,101,2019-02-07 12:43:22.344504+05:30,101,2019-02-07 12:43:22.344504+05:30,f,102,103,126
401,129,193,101,2019-02-07 12:43:22.344504+05:30,101,2019-02-07 12:43:22.344504+05:30,f,102,103,126
402,171,193,101,2019-02-07 12:43:22.344504+05:30,101,2019-02-07 12:43:22.344504+05:30,f,102,103,126
403,191,193,101,2019-02-07 12:43:22.344504+05:30,101,2019-02-07 12:43:22.344504+05:30,f,102,103,126
404,194,193,101,2019-02-07 12:43:22.344504+05:30,101,2019-02-07 12:43:22.344504+05:30,f,102,103,126
405,190,193,101,2019-02-07 12:43:22.344504+05:30,101,2019-02-07 12:43:22.344504+05:30,f,102,103,126
406,179,193,101,2019-02-07 12:43:22.344504+05:30,101,2019-02-07 12:43:22.344504+05:30,f,102,103,126
407,176,193,101,2019-02-07 12:43:22.344504+05:30,101,2019-02-07 12:43:22.344504+05:30,f,102,103,126
408,175,193,101,2019-02-07 12:43:22.344504+05:30,101,2019-02-07 12:43:22.344504+05:30,f,102,103,126
409,178,193,101,2019-02-07 12:43:22.344504+05:30,101,2019-02-07 12:43:22.344504+05:30,f,102,103,126
410,169,193,101,2019-02-07 12:43:22.344504+05:30,101,2019-02-07 12:43:22.344504+05:30,f,102,103,126
411,174,193,101,2019-02-07 12:43:22.344504+05:30,101,2019-02-07 12:43:22.344504+05:30,f,102,103,126
412,182,193,101,2019-02-07 12:43:22.344504+05:30,101,2019-02-07 12:43:22.344504+05:30,f,102,103,126
413,180,193,101,2019-02-07 12:43:22.344504+05:30,101,2019-02-07 12:43:22.344504+05:30,f,102,103,126
414,173,193,101,2019-02-07 12:43:22.344504+05:30,101,2019-02-07 12:43:22.344504+05:30,f,102,103,126
415,188,193,101,2019-02-07 12:43:22.344504+05:30,101,2019-02-07 12:43:22.344504+05:30,f,102,103,126
416,189,193,101,2019-02-07 12:43:22.344504+05:30,101,2019-02-07 12:43:22.344504+05:30,f,102,103,126
417,117,193,101,2019-02-07 12:43:22.344504+05:30,101,2019-02-07 12:43:22.344504+05:30,f,102,103,126
418,185,193,101,2019-02-07 12:43:22.344504+05:30,101,2019-02-07 12:43:22.344504+05:30,f,102,103,126
419,192,193,101,2019-02-07 12:43:22.344504+05:30,101,2019-02-07 12:43:22.344504+05:30,f,102,103,126
420,193,193,101,2019-02-07 12:43:22.344504+05:30,101,2019-02-07 12:43:22.344504+05:30,f,102,103,126
421,168,193,101,2019-02-07 12:43:22.344504+05:30,101,2019-02-07 12:43:22.344504+05:30,f,102,103,126
422,167,193,101,2019-02-07 12:43:22.344504+05:30,101,2019-02-07 12:43:22.344504+05:30,f,102,103,126
423,196,193,101,2019-02-07 12:43:22.344504+05:30,101,2019-02-07 12:43:22.344504+05:30,f,102,103,126
424,172,193,101,2019-02-07 12:43:22.344504+05:30,101,2019-02-07 12:43:22.344504+05:30,f,102,103,126
425,183,193,101,2019-02-07 12:43:22.344504+05:30,101,2019-02-07 12:43:22.344504+05:30,f,102,103,126
426,184,193,101,2019-02-07 12:43:22.344504+05:30,101,2019-02-07 12:43:22.344504+05:30,f,102,103,126
427,170,193,101,2019-02-07 12:43:22.344504+05:30,101,2019-02-07 12:43:22.344504+05:30,f,102,103,126
428,199,193,101,2019-02-07 12:43:22.344504+05:30,101,2019-02-07 12:43:22.344504+05:30,f,102,103,126
429,198,193,101,2019-02-07 12:43:22.344504+05:30,101,2019-02-07 12:43:22.344504+05:30,f,102,103,126
430,186,193,101,2019-02-07 12:43:22.344504+05:30,101,2019-02-07 12:43:22.344504+05:30,f,102,103,126
431,177,193,101,2019-02-07 12:43:22.344504+05:30,101,2019-02-07 12:43:22.344504+05:30,f,102,103,126
432,197,193,101,2019-02-07 12:43:22.344504+05:30,101,2019-02-07 12:43:22.344504+05:30,f,102,103,126
433,187,193,101,2019-02-07 12:43:22.344504+05:30,101,2019-02-07 12:43:22.344504+05:30,f,102,103,126
434,181,193,101,2019-02-07 12:43:22.344504+05:30,101,2019-02-07 12:43:22.344504+05:30,f,102,103,126
435,129,194,101,2019-02-07 12:43:22.344504+05:30,101,2019-02-07 12:43:22.344504+05:30,f,102,103,133
436,201,194,101,2019-02-07 12:43:22.344504+05:30,101,2019-02-07 12:43:22.344504+05:30,f,102,103,133
437,204,194,101,2019-02-07 12:43:22.344504+05:30,101,2019-02-07 12:43:22.344504+05:30,f,102,103,133
438,200,194,101,2019-02-07 12:43:22.344504+05:30,101,2019-02-07 12:43:22.344504+05:30,f,102,103,133
439,203,194,101,2019-02-07 12:43:22.344504+05:30,101,2019-02-07 12:43:22.344504+05:30,f,102,103,133
440,117,194,101,2019-02-07 12:43:22.344504+05:30,101,2019-02-07 12:43:22.344504+05:30,f,102,103,133
441,202,194,101,2019-02-07 12:43:22.344504+05:30,101,2019-02-07 12:43:22.344504+05:30,f,102,103,133
442,129,195,101,2019-02-07 12:43:22.344504+05:30,101,2019-02-07 12:43:22.344504+05:30,f,102,103,130
443,117,195,101,2019-02-07 12:43:22.344504+05:30,101,2019-02-07 12:43:22.344504+05:30,f,102,103,130
444,206,195,101,2019-02-07 12:43:22.344504+05:30,101,2019-02-07 12:43:22.344504+05:30,f,102,103,130
445,207,195,101,2019-02-07 12:43:22.344504+05:30,101,2019-02-07 12:43:22.344504+05:30,f,102,103,130
446,205,195,101,2019-02-07 12:43:22.344504+05:30,101,2019-02-07 12:43:22.344504+05:30,f,102,103,130
447,208,196,101,2019-02-07 12:43:22.344504+05:30,101,2019-02-07 12:43:22.344504+05:30,f,102,103,127
448,209,196,101,2019-02-07 12:43:22.344504+05:30,101,2019-02-07 12:43:22.344504+05:30,f,102,103,127
449,210,196,101,2019-02-07 12:43:22.344504+05:30,101,2019-02-07 12:43:22.344504+05:30,f,102,103,127
450,211,196,101,2019-02-07 12:43:22.344504+05:30,101,2019-02-07 12:43:22.344504+05:30,f,102,103,127
451,212,196,101,2019-02-07 12:43:22.344504+05:30,101,2019-02-07 12:43:22.344504+05:30,f,102,103,127
452,213,196,101,2019-02-07 12:43:22.344504+05:30,101,2019-02-07 12:43:22.344504+05:30,f,102,103,127
453,214,196,101,2019-02-07 12:43:22.344504+05:30,101,2019-02-07 12:43:22.344504+05:30,f,102,103,127
454,215,196,101,2019-02-07 12:43:22.344504+05:30,101,2019-02-07 12:43:22.344504+05:30,f,102,103,127
455,216,196,101,2019-02-07 12:43:22.344504+05:30,101,2019-02-07 12:43:22.344504+05:30,f,102,103,127
456,217,196,101,2019-02-07 12:43:22.344504+05:30,101,2019-02-07 12:43:22.344504+05:30,f,102,103,127
457,218,196,101,2019-02-07 12:43:22.344504+05:30,101,2019-02-07 12:43:22.344504+05:30,f,102,103,127
458,219,196,101,2019-02-07 12:43:22.344504+05:30,101,2019-02-07 12:43:22.344504+05:30,f,102,103,127
459,220,196,101,2019-02-07 12:43:22.344504+05:30,101,2019-02-07 12:43:22.344504+05:30,f,102,103,127
460,221,196,101,2019-02-07 12:43:22.344504+05:30,101,2019-02-07 12:43:22.344504+05:30,f,102,103,127
461,222,196,101,2019-02-07 12:43:22.344504+05:30,101,2019-02-07 12:43:22.344504+05:30,f,102,103,127
462,223,196,101,2019-02-07 12:43:22.344504+05:30,101,2019-02-07 12:43:22.344504+05:30,f,102,103,127
463,224,196,101,2019-02-07 12:43:22.344504+05:30,101,2019-02-07 12:43:22.344504+05:30,f,102,103,127
464,225,197,101,2019-02-07 12:43:22.344504+05:30,101,2019-02-07 12:43:22.344504+05:30,f,102,103,127
465,226,198,101,2019-02-07 12:43:22.344504+05:30,101,2019-02-07 12:43:22.344504+05:30,f,102,103,127
466,227,198,101,2019-02-07 12:43:22.344504+05:30,101,2019-02-07 12:43:22.344504+05:30,f,102,103,127
467,129,199,101,2019-02-07 12:43:22.344504+05:30,101,2019-02-07 12:43:22.344504+05:30,f,102,103,127
468,228,199,101,2019-02-07 12:43:22.344504+05:30,101,2019-02-07 12:43:22.344504+05:30,f,102,103,127
469,117,199,101,2019-02-07 12:43:22.344504+05:30,101,2019-02-07 12:43:22.344504+05:30,f,102,103,127
470,230,199,101,2019-02-07 12:43:22.344504+05:30,101,2019-02-07 12:43:22.344504+05:30,f,102,103,127
471,229,199,101,2019-02-07 12:43:22.344504+05:30,101,2019-02-07 12:43:22.344504+05:30,f,102,103,127
472,129,200,101,2019-02-07 12:43:22.344504+05:30,101,2019-02-07 12:43:22.344504+05:30,f,102,103,131
473,117,200,101,2019-02-07 12:43:22.344504+05:30,101,2019-02-07 12:43:22.344504+05:30,f,102,103,131
474,232,200,101,2019-02-07 12:43:22.344504+05:30,101,2019-02-07 12:43:22.344504+05:30,f,102,103,131
475,231,200,101,2019-02-07 12:43:22.344504+05:30,101,2019-02-07 12:43:22.344504+05:30,f,102,103,131
476,233,201,101,2019-02-07 12:43:22.344504+05:30,101,2019-02-07 12:43:22.344504+05:30,f,102,101,131
477,117,201,101,2019-02-07 12:43:22.344504+05:30,101,2019-02-07 12:43:22.344504+05:30,f,102,103,131
478,129,201,101,2019-02-07 12:43:22.344504+05:30,101,2019-02-07 12:43:22.344504+05:30,f,102,103,131
479,129,202,101,2019-02-07 12:43:22.344504+05:30,101,2019-02-07 12:43:22.344504+05:30,f,102,103,128
480,236,202,101,2019-02-07 12:43:22.344504+05:30,101,2019-02-07 12:43:22.344504+05:30,f,102,103,128
481,140,202,101,2019-02-07 12:43:22.344504+05:30,101,2019-02-07 12:43:22.344504+05:30,f,102,103,128
482,137,202,101,2019-02-07 12:43:22.344504+05:30,101,2019-02-07 12:43:22.344504+05:30,f,102,103,128
483,117,202,101,2019-02-07 12:43:22.344504+05:30,101,2019-02-07 12:43:22.344504+05:30,f,102,103,128
484,139,202,101,2019-02-07 12:43:22.344504+05:30,101,2019-02-07 12:43:22.344504+05:30,f,102,103,128
485,237,202,101,2019-02-07 12:43:22.344504+05:30,101,2019-02-07 12:43:22.344504+05:30,f,102,103,128
486,235,202,101,2019-02-07 12:43:22.344504+05:30,101,2019-02-07 12:43:22.344504+05:30,f,102,103,128
487,234,202,101,2019-02-07 12:43:22.344504+05:30,101,2019-02-07 12:43:22.344504+05:30,f,102,103,128
488,239,203,101,2019-02-07 12:43:22.344504+05:30,101,2019-02-07 12:43:22.344504+05:30,f,102,103,128
489,117,203,101,2019-02-07 12:43:22.344504+05:30,101,2019-02-07 12:43:22.344504+05:30,f,102,103,128
490,238,203,101,2019-02-07 12:43:22.344504+05:30,101,2019-02-07 12:43:22.344504+05:30,f,102,103,128
491,129,204,101,2019-02-07 12:43:22.344504+05:30,101,2019-02-07 12:43:22.344504+05:30,f,102,103,128
492,117,204,101,2019-02-07 12:43:22.344504+05:30,101,2019-02-07 12:43:22.344504+05:30,f,102,103,128
493,240,204,101,2019-02-07 12:43:22.344504+05:30,101,2019-02-07 12:43:22.344504+05:30,f,102,103,128
494,129,205,101,2019-02-07 12:43:22.344504+05:30,101,2019-02-07 12:43:22.344504+05:30,f,102,103,128
495,242,205,101,2019-02-07 12:43:22.344504+05:30,101,2019-02-07 12:43:22.344504+05:30,f,102,103,128
496,241,205,101,2019-02-07 12:43:22.344504+05:30,101,2019-02-07 12:43:22.344504+05:30,f,102,103,128
497,117,205,101,2019-02-07 12:43:22.344504+05:30,101,2019-02-07 12:43:22.344504+05:30,f,102,103,128
498,251,206,101,2019-02-07 12:43:22.344504+05:30,101,2019-02-07 12:43:22.344504+05:30,f,102,103,128
499,129,206,101,2019-02-07 12:43:22.344504+05:30,101,2019-02-07 12:43:22.344504+05:30,f,102,103,128
500,247,206,101,2019-02-07 12:43:22.344504+05:30,101,2019-02-07 12:43:22.344504+05:30,f,102,103,128
501,249,206,101,2019-02-07 12:43:22.344504+05:30,101,2019-02-07 12:43:22.344504+05:30,f,102,103,128
502,117,206,101,2019-02-07 12:43:22.344504+05:30,101,2019-02-07 12:43:22.344504+05:30,f,102,103,128
503,243,206,101,2019-02-07 12:43:22.344504+05:30,101,2019-02-07 12:43:22.344504+05:30,f,102,103,128
504,250,206,101,2019-02-07 12:43:22.344504+05:30,101,2019-02-07 12:43:22.344504+05:30,f,102,103,128
505,248,206,101,2019-02-07 12:43:22.344504+05:30,101,2019-02-07 12:43:22.344504+05:30,f,102,103,128
506,244,206,101,2019-02-07 12:43:22.344504+05:30,101,2019-02-07 12:43:22.344504+05:30,f,102,103,128
507,246,206,101,2019-02-07 12:43:22.344504+05:30,101,2019-02-07 12:43:22.344504+05:30,f,102,103,128
508,216,206,101,2019-02-07 12:43:22.344504+05:30,101,2019-02-07 12:43:22.344504+05:30,f,102,103,128
509,245,206,101,2019-02-07 12:43:22.344504+05:30,101,2019-02-07 12:43:22.344504+05:30,f,102,103,128
510,129,207,101,2019-02-07 12:43:22.344504+05:30,101,2019-02-07 12:43:22.344504+05:30,f,102,103,128
511,252,207,101,2019-02-07 12:43:22.344504+05:30,101,2019-02-07 12:43:22.344504+05:30,f,102,103,128
512,254,207,101,2019-02-07 12:43:22.344504+05:30,101,2019-02-07 12:43:22.344504+05:30,f,102,103,128
513,255,207,101,2019-02-07 12:43:22.344504+05:30,101,2019-02-07 12:43:22.344504+05:30,f,102,103,128
514,253,207,101,2019-02-07 12:43:22.344504+05:30,101,2019-02-07 12:43:22.344504+05:30,f,102,103,128
515,117,207,101,2019-02-07 12:43:22.344504+05:30,101,2019-02-07 12:43:22.344504+05:30,f,102,103,128
516,129,208,101,2019-02-07 12:43:22.344504+05:30,101,2019-02-07 12:43:22.344504+05:30,f,102,103,128
517,257,208,101,2019-02-07 12:43:22.344504+05:30,101,2019-02-07 12:43:22.344504+05:30,f,102,103,128
518,258,208,101,2019-02-07 12:43:22.344504+05:30,101,2019-02-07 12:43:22.344504+05:30,f,102,103,128
519,117,208,101,2019-02-07 12:43:22.344504+05:30,101,2019-02-07 12:43:22.344504+05:30,f,102,103,128
520,256,208,101,2019-02-07 12:43:22.344504+05:30,101,2019-02-07 12:43:22.344504+05:30,f,102,103,128
521,117,209,101,2019-02-07 12:43:22.344504+05:30,101,2019-02-07 12:43:22.344504+05:30,f,102,103,134
522,129,209,101,2019-02-07 12:43:22.344504+05:30,101,2019-02-07 12:43:22.344504+05:30,f,102,103,134
523,160,209,101,2019-02-07 12:43:22.344504+05:30,101,2019-02-07 12:43:22.344504+05:30,f,102,103,134
524,129,210,101,2019-02-07 12:43:22.344504+05:30,101,2019-02-07 12:43:22.344504+05:30,f,102,101,129
525,285,210,101,2019-02-07 12:43:22.344504+05:30,101,2019-02-07 12:43:22.344504+05:30,f,102,101,129
526,264,210,101,2019-02-07 12:43:22.344504+05:30,101,2019-02-07 12:43:22.344504+05:30,f,102,101,129
527,280,210,101,2019-02-07 12:43:22.344504+05:30,101,2019-02-07 12:43:22.344504+05:30,f,102,101,129
528,259,210,101,2019-02-07 12:43:22.344504+05:30,101,2019-02-07 12:43:22.344504+05:30,f,102,101,129
529,269,210,101,2019-02-07 12:43:22.344504+05:30,101,2019-02-07 12:43:22.344504+05:30,f,102,101,129
530,274,210,101,2019-02-07 12:43:22.344504+05:30,101,2019-02-07 12:43:22.344504+05:30,f,102,101,129
531,276,210,101,2019-02-07 12:43:22.344504+05:30,101,2019-02-07 12:43:22.344504+05:30,f,102,101,129
532,262,210,101,2019-02-07 12:43:22.344504+05:30,101,2019-02-07 12:43:22.344504+05:30,f,102,101,129
533,284,210,101,2019-02-07 12:43:22.344504+05:30,101,2019-02-07 12:43:22.344504+05:30,f,102,101,129
534,270,210,101,2019-02-07 12:43:22.344504+05:30,101,2019-02-07 12:43:22.344504+05:30,f,102,101,129
535,268,210,101,2019-02-07 12:43:22.344504+05:30,101,2019-02-07 12:43:22.344504+05:30,f,102,101,129
536,277,210,101,2019-02-07 12:43:22.344504+05:30,101,2019-02-07 12:43:22.344504+05:30,f,102,101,129
537,261,210,101,2019-02-07 12:43:22.344504+05:30,101,2019-02-07 12:43:22.344504+05:30,f,102,101,129
538,275,210,101,2019-02-07 12:43:22.344504+05:30,101,2019-02-07 12:43:22.344504+05:30,f,102,101,129
539,288,210,101,2019-02-07 12:43:22.344504+05:30,101,2019-02-07 12:43:22.344504+05:30,f,102,101,129
540,273,210,101,2019-02-07 12:43:22.344504+05:30,101,2019-02-07 12:43:22.344504+05:30,f,102,101,129
541,282,210,101,2019-02-07 12:43:22.344504+05:30,101,2019-02-07 12:43:22.344504+05:30,f,102,101,129
542,117,210,101,2019-02-07 12:43:22.344504+05:30,101,2019-02-07 12:43:22.344504+05:30,f,102,101,129
543,278,210,101,2019-02-07 12:43:22.344504+05:30,101,2019-02-07 12:43:22.344504+05:30,f,102,101,129
544,265,210,101,2019-02-07 12:43:22.344504+05:30,101,2019-02-07 12:43:22.344504+05:30,f,102,101,129
545,289,210,101,2019-02-07 12:43:22.344504+05:30,101,2019-02-07 12:43:22.344504+05:30,f,102,101,129
546,271,210,101,2019-02-07 12:43:22.344504+05:30,101,2019-02-07 12:43:22.344504+05:30,f,102,101,129
547,279,210,101,2019-02-07 12:43:22.344504+05:30,101,2019-02-07 12:43:22.344504+05:30,f,102,101,129
548,260,210,101,2019-02-07 12:43:22.344504+05:30,101,2019-02-07 12:43:22.344504+05:30,f,102,101,129
549,286,210,101,2019-02-07 12:43:22.344504+05:30,101,2019-02-07 12:43:22.344504+05:30,f,102,101,129
550,272,210,101,2019-02-07 12:43:22.344504+05:30,101,2019-02-07 12:43:22.344504+05:30,f,102,101,129
551,283,210,101,2019-02-07 12:43:22.344504+05:30,101,2019-02-07 12:43:22.344504+05:30,f,102,101,129
552,287,210,101,2019-02-07 12:43:22.344504+05:30,101,2019-02-07 12:43:22.344504+05:30,f,102,101,129
553,267,210,101,2019-02-07 12:43:22.344504+05:30,101,2019-02-07 12:43:22.344504+05:30,f,102,101,129
554,263,210,101,2019-02-07 12:43:22.344504+05:30,101,2019-02-07 12:43:22.344504+05:30,f,102,101,129
555,281,210,101,2019-02-07 12:43:22.344504+05:30,101,2019-02-07 12:43:22.344504+05:30,f,102,101,129
556,266,210,101,2019-02-07 12:43:22.344504+05:30,101,2019-02-07 12:43:22.344504+05:30,f,102,101,129
557,129,130,101,2019-02-07 12:43:22.344504+05:30,101,2019-02-07 12:43:22.344504+05:30,f,102,103,126
558,129,130,101,2019-02-07 12:43:22.344504+05:30,101,2019-02-07 12:43:22.344504+05:30,f,102,103,128
559,129,130,101,2019-02-07 12:43:22.344504+05:30,101,2019-02-07 12:43:22.344504+05:30,f,102,103,130
560,129,130,101,2019-02-07 12:43:22.344504+05:30,101,2019-02-07 12:43:22.344504+05:30,f,102,103,131
561,129,130,101,2019-02-07 12:43:22.344504+05:30,101,2019-02-07 12:43:22.344504+05:30,f,102,103,132
562,129,130,101,2019-02-07 12:43:22.344504+05:30,101,2019-02-07 12:43:22.344504+05:30,f,102,103,133
563,129,130,101,2019-02-07 12:43:22.344504+05:30,101,2019-02-07 12:43:22.344504+05:30,f,102,103,134
564,117,130,101,2019-02-07 12:43:22.344504+05:30,101,2019-02-07 12:43:22.344504+05:30,f,102,101,131
565,129,130,101,2019-02-07 12:43:22.344504+05:30,101,2019-02-07 12:43:22.344504+05:30,f,102,101,131
566,129,189,101,2019-02-07 12:43:22.344504+05:30,101,2019-02-07 12:43:22.344504+05:30,f,101,103,132
567,138,189,101,2019-02-07 12:43:22.344504+05:30,101,2019-02-07 12:43:22.344504+05:30,f,101,103,132
568,135,189,101,2019-02-07 12:43:22.344504+05:30,101,2019-02-07 12:43:22.344504+05:30,f,101,103,132
569,142,189,101,2019-02-07 12:43:22.344504+05:30,101,2019-02-07 12:43:22.344504+05:30,f,101,103,132
570,140,189,101,2019-02-07 12:43:22.344504+05:30,101,2019-02-07 12:43:22.344504+05:30,f,101,103,132
571,137,189,101,2019-02-07 12:43:22.344504+05:30,101,2019-02-07 12:43:22.344504+05:30,f,101,103,132
572,134,189,101,2019-02-07 12:43:22.344504+05:30,101,2019-02-07 12:43:22.344504+05:30,f,101,103,132
573,139,189,101,2019-02-07 12:43:22.344504+05:30,101,2019-02-07 12:43:22.344504+05:30,f,101,103,132
574,117,189,101,2019-02-07 12:43:22.344504+05:30,101,2019-02-07 12:43:22.344504+05:30,f,101,103,132
575,143,189,101,2019-02-07 12:43:22.344504+05:30,101,2019-02-07 12:43:22.344504+05:30,f,101,103,132
576,136,189,101,2019-02-07 12:43:22.344504+05:30,101,2019-02-07 12:43:22.344504+05:30,f,101,103,132
577,141,189,101,2019-02-07 12:43:22.344504+05:30,101,2019-02-07 12:43:22.344504+05:30,f,101,103,132
578,144,189,101,2019-02-07 12:43:22.344504+05:30,101,2019-02-07 12:43:22.344504+05:30,f,101,103,132
579,129,190,101,2019-02-07 12:43:22.344504+05:30,101,2019-02-07 12:43:22.344504+05:30,f,101,103,132
580,156,190,101,2019-02-07 12:43:22.344504+05:30,101,2019-02-07 12:43:22.344504+05:30,f,101,103,132
581,148,190,101,2019-02-07 12:43:22.344504+05:30,101,2019-02-07 12:43:22.344504+05:30,f,101,103,132
582,151,190,101,2019-02-07 12:43:22.344504+05:30,101,2019-02-07 12:43:22.344504+05:30,f,101,103,132
583,147,190,101,2019-02-07 12:43:22.344504+05:30,101,2019-02-07 12:43:22.344504+05:30,f,101,103,132
584,160,190,101,2019-02-07 12:43:22.344504+05:30,101,2019-02-07 12:43:22.344504+05:30,f,101,103,132
585,153,190,101,2019-02-07 12:43:22.344504+05:30,101,2019-02-07 12:43:22.344504+05:30,f,101,103,132
586,161,190,101,2019-02-07 12:43:22.344504+05:30,101,2019-02-07 12:43:22.344504+05:30,f,101,103,132
587,157,190,101,2019-02-07 12:43:22.344504+05:30,101,2019-02-07 12:43:22.344504+05:30,f,101,103,132
588,154,190,101,2019-02-07 12:43:22.344504+05:30,101,2019-02-07 12:43:22.344504+05:30,f,101,103,132
589,146,190,101,2019-02-07 12:43:22.344504+05:30,101,2019-02-07 12:43:22.344504+05:30,f,101,103,132
590,117,190,101,2019-02-07 12:43:22.344504+05:30,101,2019-02-07 12:43:22.344504+05:30,f,101,103,132
591,150,190,101,2019-02-07 12:43:22.344504+05:30,101,2019-02-07 12:43:22.344504+05:30,f,101,103,132
592,158,190,101,2019-02-07 12:43:22.344504+05:30,101,2019-02-07 12:43:22.344504+05:30,f,101,103,132
593,145,190,101,2019-02-07 12:43:22.344504+05:30,101,2019-02-07 12:43:22.344504+05:30,f,101,103,132
594,155,190,101,2019-02-07 12:43:22.344504+05:30,101,2019-02-07 12:43:22.344504+05:30,f,101,103,132
595,149,190,101,2019-02-07 12:43:22.344504+05:30,101,2019-02-07 12:43:22.344504+05:30,f,101,103,132
596,159,190,101,2019-02-07 12:43:22.344504+05:30,101,2019-02-07 12:43:22.344504+05:30,f,101,103,132
597,152,190,101,2019-02-07 12:43:22.344504+05:30,101,2019-02-07 12:43:22.344504+05:30,f,101,103,132
598,129,191,101,2019-02-07 12:43:22.344504+05:30,101,2019-02-07 12:43:22.344504+05:30,f,101,103,132
599,162,191,101,2019-02-07 12:43:22.344504+05:30,101,2019-02-07 12:43:22.344504+05:30,f,101,103,132
600,117,191,101,2019-02-07 12:43:22.344504+05:30,101,2019-02-07 12:43:22.344504+05:30,f,101,103,132
601,163,191,101,2019-02-07 12:43:22.344504+05:30,101,2019-02-07 12:43:22.344504+05:30,f,101,103,132
602,129,192,101,2019-02-07 12:43:22.344504+05:30,101,2019-02-07 12:43:22.344504+05:30,f,101,103,132
603,166,192,101,2019-02-07 12:43:22.344504+05:30,101,2019-02-07 12:43:22.344504+05:30,f,101,103,132
604,164,192,101,2019-02-07 12:43:22.344504+05:30,101,2019-02-07 12:43:22.344504+05:30,f,101,103,132
605,117,192,101,2019-02-07 12:43:22.344504+05:30,101,2019-02-07 12:43:22.344504+05:30,f,101,103,132
606,165,192,101,2019-02-07 12:43:22.344504+05:30,101,2019-02-07 12:43:22.344504+05:30,f,101,103,132
607,195,193,101,2019-02-07 12:43:22.344504+05:30,101,2019-02-07 12:43:22.344504+05:30,f,101,103,126
608,129,193,101,2019-02-07 12:43:22.344504+05:30,101,2019-02-07 12:43:22.344504+05:30,f,101,103,126
609,171,193,101,2019-02-07 12:43:22.344504+05:30,101,2019-02-07 12:43:22.344504+05:30,f,101,103,126
610,191,193,101,2019-02-07 12:43:22.344504+05:30,101,2019-02-07 12:43:22.344504+05:30,f,101,103,126
611,194,193,101,2019-02-07 12:43:22.344504+05:30,101,2019-02-07 12:43:22.344504+05:30,f,101,103,126
612,190,193,101,2019-02-07 12:43:22.344504+05:30,101,2019-02-07 12:43:22.344504+05:30,f,101,103,126
613,179,193,101,2019-02-07 12:43:22.344504+05:30,101,2019-02-07 12:43:22.344504+05:30,f,101,103,126
614,176,193,101,2019-02-07 12:43:22.344504+05:30,101,2019-02-07 12:43:22.344504+05:30,f,101,103,126
615,175,193,101,2019-02-07 12:43:22.344504+05:30,101,2019-02-07 12:43:22.344504+05:30,f,101,103,126
616,178,193,101,2019-02-07 12:43:22.344504+05:30,101,2019-02-07 12:43:22.344504+05:30,f,101,103,126
617,169,193,101,2019-02-07 12:43:22.344504+05:30,101,2019-02-07 12:43:22.344504+05:30,f,101,103,126
618,174,193,101,2019-02-07 12:43:22.344504+05:30,101,2019-02-07 12:43:22.344504+05:30,f,101,103,126
619,182,193,101,2019-02-07 12:43:22.344504+05:30,101,2019-02-07 12:43:22.344504+05:30,f,101,103,126
620,180,193,101,2019-02-07 12:43:22.344504+05:30,101,2019-02-07 12:43:22.344504+05:30,f,101,103,126
621,173,193,101,2019-02-07 12:43:22.344504+05:30,101,2019-02-07 12:43:22.344504+05:30,f,101,103,126
622,188,193,101,2019-02-07 12:43:22.344504+05:30,101,2019-02-07 12:43:22.344504+05:30,f,101,103,126
623,189,193,101,2019-02-07 12:43:22.344504+05:30,101,2019-02-07 12:43:22.344504+05:30,f,101,103,126
624,117,193,101,2019-02-07 12:43:22.344504+05:30,101,2019-02-07 12:43:22.344504+05:30,f,101,103,126
625,185,193,101,2019-02-07 12:43:22.344504+05:30,101,2019-02-07 12:43:22.344504+05:30,f,101,103,126
626,192,193,101,2019-02-07 12:43:22.344504+05:30,101,2019-02-07 12:43:22.344504+05:30,f,101,103,126
627,193,193,101,2019-02-07 12:43:22.344504+05:30,101,2019-02-07 12:43:22.344504+05:30,f,101,103,126
628,168,193,101,2019-02-07 12:43:22.344504+05:30,101,2019-02-07 12:43:22.344504+05:30,f,101,103,126
629,167,193,101,2019-02-07 12:43:22.344504+05:30,101,2019-02-07 12:43:22.344504+05:30,f,101,103,126
630,196,193,101,2019-02-07 12:43:22.344504+05:30,101,2019-02-07 12:43:22.344504+05:30,f,101,103,126
631,172,193,101,2019-02-07 12:43:22.344504+05:30,101,2019-02-07 12:43:22.344504+05:30,f,101,103,126
632,183,193,101,2019-02-07 12:43:22.344504+05:30,101,2019-02-07 12:43:22.344504+05:30,f,101,103,126
633,184,193,101,2019-02-07 12:43:22.344504+05:30,101,2019-02-07 12:43:22.344504+05:30,f,101,103,126
634,170,193,101,2019-02-07 12:43:22.344504+05:30,101,2019-02-07 12:43:22.344504+05:30,f,101,103,126
635,199,193,101,2019-02-07 12:43:22.344504+05:30,101,2019-02-07 12:43:22.344504+05:30,f,101,103,126
636,198,193,101,2019-02-07 12:43:22.344504+05:30,101,2019-02-07 12:43:22.344504+05:30,f,101,103,126
637,186,193,101,2019-02-07 12:43:22.344504+05:30,101,2019-02-07 12:43:22.344504+05:30,f,101,103,126
638,177,193,101,2019-02-07 12:43:22.344504+05:30,101,2019-02-07 12:43:22.344504+05:30,f,101,103,126
639,197,193,101,2019-02-07 12:43:22.344504+05:30,101,2019-02-07 12:43:22.344504+05:30,f,101,103,126
640,187,193,101,2019-02-07 12:43:22.344504+05:30,101,2019-02-07 12:43:22.344504+05:30,f,101,103,126
641,181,193,101,2019-02-07 12:43:22.344504+05:30,101,2019-02-07 12:43:22.344504+05:30,f,101,103,126
642,129,194,101,2019-02-07 12:43:22.344504+05:30,101,2019-02-07 12:43:22.344504+05:30,f,101,103,133
643,201,194,101,2019-02-07 12:43:22.344504+05:30,101,2019-02-07 12:43:22.344504+05:30,f,101,103,133
644,204,194,101,2019-02-07 12:43:22.344504+05:30,101,2019-02-07 12:43:22.344504+05:30,f,101,103,133
645,200,194,101,2019-02-07 12:43:22.344504+05:30,101,2019-02-07 12:43:22.344504+05:30,f,101,103,133
646,203,194,101,2019-02-07 12:43:22.344504+05:30,101,2019-02-07 12:43:22.344504+05:30,f,101,103,133
647,117,194,101,2019-02-07 12:43:22.344504+05:30,101,2019-02-07 12:43:22.344504+05:30,f,101,103,133
648,202,194,101,2019-02-07 12:43:22.344504+05:30,101,2019-02-07 12:43:22.344504+05:30,f,101,103,133
649,129,195,101,2019-02-07 12:43:22.344504+05:30,101,2019-02-07 12:43:22.344504+05:30,f,101,103,130
650,117,195,101,2019-02-07 12:43:22.344504+05:30,101,2019-02-07 12:43:22.344504+05:30,f,101,103,130
651,206,195,101,2019-02-07 12:43:22.344504+05:30,101,2019-02-07 12:43:22.344504+05:30,f,101,103,130
652,207,195,101,2019-02-07 12:43:22.344504+05:30,101,2019-02-07 12:43:22.344504+05:30,f,101,103,130
653,205,195,101,2019-02-07 12:43:22.344504+05:30,101,2019-02-07 12:43:22.344504+05:30,f,101,103,130
654,208,196,101,2019-02-07 12:43:22.344504+05:30,101,2019-02-07 12:43:22.344504+05:30,f,101,103,127
655,209,196,101,2019-02-07 12:43:22.344504+05:30,101,2019-02-07 12:43:22.344504+05:30,f,101,103,127
656,210,196,101,2019-02-07 12:43:22.344504+05:30,101,2019-02-07 12:43:22.344504+05:30,f,101,103,127
657,211,196,101,2019-02-07 12:43:22.344504+05:30,101,2019-02-07 12:43:22.344504+05:30,f,101,103,127
658,212,196,101,2019-02-07 12:43:22.344504+05:30,101,2019-02-07 12:43:22.344504+05:30,f,101,103,127
659,213,196,101,2019-02-07 12:43:22.344504+05:30,101,2019-02-07 12:43:22.344504+05:30,f,101,103,127
660,214,196,101,2019-02-07 12:43:22.344504+05:30,101,2019-02-07 12:43:22.344504+05:30,f,101,103,127
661,215,196,101,2019-02-07 12:43:22.344504+05:30,101,2019-02-07 12:43:22.344504+05:30,f,101,103,127
662,216,196,101,2019-02-07 12:43:22.344504+05:30,101,2019-02-07 12:43:22.344504+05:30,f,101,103,127
663,217,196,101,2019-02-07 12:43:22.344504+05:30,101,2019-02-07 12:43:22.344504+05:30,f,101,103,127
664,218,196,101,2019-02-07 12:43:22.344504+05:30,101,2019-02-07 12:43:22.344504+05:30,f,101,103,127
665,219,196,101,2019-02-07 12:43:22.344504+05:30,101,2019-02-07 12:43:22.344504+05:30,f,101,103,127
666,220,196,101,2019-02-07 12:43:22.344504+05:30,101,2019-02-07 12:43:22.344504+05:30,f,101,103,127
667,221,196,101,2019-02-07 12:43:22.344504+05:30,101,2019-02-07 12:43:22.344504+05:30,f,101,103,127
668,222,196,101,2019-02-07 12:43:22.344504+05:30,101,2019-02-07 12:43:22.344504+05:30,f,101,103,127
669,223,196,101,2019-02-07 12:43:22.344504+05:30,101,2019-02-07 12:43:22.344504+05:30,f,101,103,127
670,224,196,101,2019-02-07 12:43:22.344504+05:30,101,2019-02-07 12:43:22.344504+05:30,f,101,103,127
671,225,197,101,2019-02-07 12:43:22.344504+05:30,101,2019-02-07 12:43:22.344504+05:30,f,101,103,127
672,226,198,101,2019-02-07 12:43:22.344504+05:30,101,2019-02-07 12:43:22.344504+05:30,f,101,103,127
673,227,198,101,2019-02-07 12:43:22.344504+05:30,101,2019-02-07 12:43:22.344504+05:30,f,101,103,127
674,129,199,101,2019-02-07 12:43:22.344504+05:30,101,2019-02-07 12:43:22.344504+05:30,f,101,103,127
675,228,199,101,2019-02-07 12:43:22.344504+05:30,101,2019-02-07 12:43:22.344504+05:30,f,101,103,127
676,117,199,101,2019-02-07 12:43:22.344504+05:30,101,2019-02-07 12:43:22.344504+05:30,f,101,103,127
677,230,199,101,2019-02-07 12:43:22.344504+05:30,101,2019-02-07 12:43:22.344504+05:30,f,101,103,127
678,229,199,101,2019-02-07 12:43:22.344504+05:30,101,2019-02-07 12:43:22.344504+05:30,f,101,103,127
679,129,200,101,2019-02-07 12:43:22.344504+05:30,101,2019-02-07 12:43:22.344504+05:30,f,101,103,131
680,117,200,101,2019-02-07 12:43:22.344504+05:30,101,2019-02-07 12:43:22.344504+05:30,f,101,103,131
681,232,200,101,2019-02-07 12:43:22.344504+05:30,101,2019-02-07 12:43:22.344504+05:30,f,101,103,131
682,231,200,101,2019-02-07 12:43:22.344504+05:30,101,2019-02-07 12:43:22.344504+05:30,f,101,103,131
683,233,201,101,2019-02-07 12:43:22.344504+05:30,101,2019-02-07 12:43:22.344504+05:30,f,101,101,131
684,117,201,101,2019-02-07 12:43:22.344504+05:30,101,2019-02-07 12:43:22.344504+05:30,f,101,103,131
685,129,201,101,2019-02-07 12:43:22.344504+05:30,101,2019-02-07 12:43:22.344504+05:30,f,101,103,131
686,129,202,101,2019-02-07 12:43:22.344504+05:30,101,2019-02-07 12:43:22.344504+05:30,f,101,103,128
687,236,202,101,2019-02-07 12:43:22.344504+05:30,101,2019-02-07 12:43:22.344504+05:30,f,101,103,128
688,140,202,101,2019-02-07 12:43:22.344504+05:30,101,2019-02-07 12:43:22.344504+05:30,f,101,103,128
689,137,202,101,2019-02-07 12:43:22.344504+05:30,101,2019-02-07 12:43:22.344504+05:30,f,101,103,128
690,117,202,101,2019-02-07 12:43:22.344504+05:30,101,2019-02-07 12:43:22.344504+05:30,f,101,103,128
691,139,202,101,2019-02-07 12:43:22.344504+05:30,101,2019-02-07 12:43:22.344504+05:30,f,101,103,128
692,237,202,101,2019-02-07 12:43:22.344504+05:30,101,2019-02-07 12:43:22.344504+05:30,f,101,103,128
693,235,202,101,2019-02-07 12:43:22.344504+05:30,101,2019-02-07 12:43:22.344504+05:30,f,101,103,128
694,234,202,101,2019-02-07 12:43:22.344504+05:30,101,2019-02-07 12:43:22.344504+05:30,f,101,103,128
695,239,203,101,2019-02-07 12:43:22.344504+05:30,101,2019-02-07 12:43:22.344504+05:30,f,101,103,128
696,117,203,101,2019-02-07 12:43:22.344504+05:30,101,2019-02-07 12:43:22.344504+05:30,f,101,103,128
697,238,203,101,2019-02-07 12:43:22.344504+05:30,101,2019-02-07 12:43:22.344504+05:30,f,101,103,128
698,129,204,101,2019-02-07 12:43:22.344504+05:30,101,2019-02-07 12:43:22.344504+05:30,f,101,103,128
699,117,204,101,2019-02-07 12:43:22.344504+05:30,101,2019-02-07 12:43:22.344504+05:30,f,101,103,128
700,240,204,101,2019-02-07 12:43:22.344504+05:30,101,2019-02-07 12:43:22.344504+05:30,f,101,103,128
701,129,205,101,2019-02-07 12:43:22.344504+05:30,101,2019-02-07 12:43:22.344504+05:30,f,101,103,128
702,242,205,101,2019-02-07 12:43:22.344504+05:30,101,2019-02-07 12:43:22.344504+05:30,f,101,103,128
703,241,205,101,2019-02-07 12:43:22.344504+05:30,101,2019-02-07 12:43:22.344504+05:30,f,101,103,128
704,117,205,101,2019-02-07 12:43:22.344504+05:30,101,2019-02-07 12:43:22.344504+05:30,f,101,103,128
705,251,206,101,2019-02-07 12:43:22.344504+05:30,101,2019-02-07 12:43:22.344504+05:30,f,101,103,128
706,129,206,101,2019-02-07 12:43:22.344504+05:30,101,2019-02-07 12:43:22.344504+05:30,f,101,103,128
707,247,206,101,2019-02-07 12:43:22.344504+05:30,101,2019-02-07 12:43:22.344504+05:30,f,101,103,128
708,249,206,101,2019-02-07 12:43:22.344504+05:30,101,2019-02-07 12:43:22.344504+05:30,f,101,103,128
709,117,206,101,2019-02-07 12:43:22.344504+05:30,101,2019-02-07 12:43:22.344504+05:30,f,101,103,128
710,243,206,101,2019-02-07 12:43:22.344504+05:30,101,2019-02-07 12:43:22.344504+05:30,f,101,103,128
711,250,206,101,2019-02-07 12:43:22.344504+05:30,101,2019-02-07 12:43:22.344504+05:30,f,101,103,128
712,248,206,101,2019-02-07 12:43:22.344504+05:30,101,2019-02-07 12:43:22.344504+05:30,f,101,103,128
713,244,206,101,2019-02-07 12:43:22.344504+05:30,101,2019-02-07 12:43:22.344504+05:30,f,101,103,128
714,246,206,101,2019-02-07 12:43:22.344504+05:30,101,2019-02-07 12:43:22.344504+05:30,f,101,103,128
715,216,206,101,2019-02-07 12:43:22.344504+05:30,101,2019-02-07 12:43:22.344504+05:30,f,101,103,128
716,245,206,101,2019-02-07 12:43:22.344504+05:30,101,2019-02-07 12:43:22.344504+05:30,f,101,103,128
717,129,207,101,2019-02-07 12:43:22.344504+05:30,101,2019-02-07 12:43:22.344504+05:30,f,101,103,128
718,252,207,101,2019-02-07 12:43:22.344504+05:30,101,2019-02-07 12:43:22.344504+05:30,f,101,103,128
719,254,207,101,2019-02-07 12:43:22.344504+05:30,101,2019-02-07 12:43:22.344504+05:30,f,101,103,128
720,255,207,101,2019-02-07 12:43:22.344504+05:30,101,2019-02-07 12:43:22.344504+05:30,f,101,103,128
721,253,207,101,2019-02-07 12:43:22.344504+05:30,101,2019-02-07 12:43:22.344504+05:30,f,101,103,128
722,117,207,101,2019-02-07 12:43:22.344504+05:30,101,2019-02-07 12:43:22.344504+05:30,f,101,103,128
723,129,208,101,2019-02-07 12:43:22.344504+05:30,101,2019-02-07 12:43:22.344504+05:30,f,101,103,128
724,257,208,101,2019-02-07 12:43:22.344504+05:30,101,2019-02-07 12:43:22.344504+05:30,f,101,103,128
725,258,208,101,2019-02-07 12:43:22.344504+05:30,101,2019-02-07 12:43:22.344504+05:30,f,101,103,128
726,117,208,101,2019-02-07 12:43:22.344504+05:30,101,2019-02-07 12:43:22.344504+05:30,f,101,103,128
727,256,208,101,2019-02-07 12:43:22.344504+05:30,101,2019-02-07 12:43:22.344504+05:30,f,101,103,128
728,117,209,101,2019-02-07 12:43:22.344504+05:30,101,2019-02-07 12:43:22.344504+05:30,f,101,103,134
729,129,209,101,2019-02-07 12:43:22.344504+05:30,101,2019-02-07 12:43:22.344504+05:30,f,101,103,134
730,160,209,101,2019-02-07 12:43:22.344504+05:30,101,2019-02-07 12:43:22.344504+05:30,f,101,103,134
731,129,210,101,2019-02-07 12:43:22.344504+05:30,101,2019-02-07 12:43:22.344504+05:30,f,101,101,129
732,285,210,101,2019-02-07 12:43:22.344504+05:30,101,2019-02-07 12:43:22.344504+05:30,f,101,101,129
733,264,210,101,2019-02-07 12:43:22.344504+05:30,101,2019-02-07 12:43:22.344504+05:30,f,101,101,129
734,280,210,101,2019-02-07 12:43:22.344504+05:30,101,2019-02-07 12:43:22.344504+05:30,f,101,101,129
735,259,210,101,2019-02-07 12:43:22.344504+05:30,101,2019-02-07 12:43:22.344504+05:30,f,101,101,129
736,269,210,101,2019-02-07 12:43:22.344504+05:30,101,2019-02-07 12:43:22.344504+05:30,f,101,101,129
737,274,210,101,2019-02-07 12:43:22.344504+05:30,101,2019-02-07 12:43:22.344504+05:30,f,101,101,129
738,276,210,101,2019-02-07 12:43:22.344504+05:30,101,2019-02-07 12:43:22.344504+05:30,f,101,101,129
739,262,210,101,2019-02-07 12:43:22.344504+05:30,101,2019-02-07 12:43:22.344504+05:30,f,101,101,129
740,284,210,101,2019-02-07 12:43:22.344504+05:30,101,2019-02-07 12:43:22.344504+05:30,f,101,101,129
741,270,210,101,2019-02-07 12:43:22.344504+05:30,101,2019-02-07 12:43:22.344504+05:30,f,101,101,129
742,268,210,101,2019-02-07 12:43:22.344504+05:30,101,2019-02-07 12:43:22.344504+05:30,f,101,101,129
743,277,210,101,2019-02-07 12:43:22.344504+05:30,101,2019-02-07 12:43:22.344504+05:30,f,101,101,129
744,261,210,101,2019-02-07 12:43:22.344504+05:30,101,2019-02-07 12:43:22.344504+05:30,f,101,101,129
745,275,210,101,2019-02-07 12:43:22.344504+05:30,101,2019-02-07 12:43:22.344504+05:30,f,101,101,129
746,288,210,101,2019-02-07 12:43:22.344504+05:30,101,2019-02-07 12:43:22.344504+05:30,f,101,101,129
747,273,210,101,2019-02-07 12:43:22.344504+05:30,101,2019-02-07 12:43:22.344504+05:30,f,101,101,129
748,282,210,101,2019-02-07 12:43:22.344504+05:30,101,2019-02-07 12:43:22.344504+05:30,f,101,101,129
749,117,210,101,2019-02-07 12:43:22.344504+05:30,101,2019-02-07 12:43:22.344504+05:30,f,101,101,129
750,278,210,101,2019-02-07 12:43:22.344504+05:30,101,2019-02-07 12:43:22.344504+05:30,f,101,101,129
751,265,210,101,2019-02-07 12:43:22.344504+05:30,101,2019-02-07 12:43:22.344504+05:30,f,101,101,129
752,289,210,101,2019-02-07 12:43:22.344504+05:30,101,2019-02-07 12:43:22.344504+05:30,f,101,101,129
753,271,210,101,2019-02-07 12:43:22.344504+05:30,101,2019-02-07 12:43:22.344504+05:30,f,101,101,129
754,279,210,101,2019-02-07 12:43:22.344504+05:30,101,2019-02-07 12:43:22.344504+05:30,f,101,101,129
755,260,210,101,2019-02-07 12:43:22.344504+05:30,101,2019-02-07 12:43:22.344504+05:30,f,101,101,129
756,286,210,101,2019-02-07 12:43:22.344504+05:30,101,2019-02-07 12:43:22.344504+05:30,f,101,101,129
757,272,210,101,2019-02-07 12:43:22.344504+05:30,101,2019-02-07 12:43:22.344504+05:30,f,101,101,129
758,283,210,101,2019-02-07 12:43:22.344504+05:30,101,2019-02-07 12:43:22.344504+05:30,f,101,101,129
759,287,210,101,2019-02-07 12:43:22.344504+05:30,101,2019-02-07 12:43:22.344504+05:30,f,101,101,129
760,267,210,101,2019-02-07 12:43:22.344504+05:30,101,2019-02-07 12:43:22.344504+05:30,f,101,101,129
761,263,210,101,2019-02-07 12:43:22.344504+05:30,101,2019-02-07 12:43:22.344504+05:30,f,101,101,129
762,281,210,101,2019-02-07 12:43:22.344504+05:30,101,2019-02-07 12:43:22.344504+05:30,f,101,101,129
763,266,210,101,2019-02-07 12:43:22.344504+05:30,101,2019-02-07 12:43:22.344504+05:30,f,101,101,129
764,129,130,101,2019-02-07 12:43:22.344504+05:30,101,2019-02-07 12:43:22.344504+05:30,f,101,103,126
765,129,130,101,2019-02-07 12:43:22.344504+05:30,101,2019-02-07 12:43:22.344504+05:30,f,101,103,128
766,129,130,101,2019-02-07 12:43:22.344504+05:30,101,2019-02-07 12:43:22.344504+05:30,f,101,103,130
767,129,130,101,2019-02-07 12:43:22.344504+05:30,101,2019-02-07 12:43:22.344504+05:30,f,101,103,131
768,129,130,101,2019-02-07 12:43:22.344504+05:30,101,2019-02-07 12:43:22.344504+05:30,f,101,103,132
769,129,130,101,2019-02-07 12:43:22.344504+05:30,101,2019-02-07 12:43:22.344504+05:30,f,101,103,133
770,129,130,101,2019-02-07 12:43:22.344504+05:30,101,2019-02-07 12:43:22.344504+05:30,f,101,103,134
771,117,130,101,2019-02-07 12:43:22.344504+05:30,101,2019-02-07 12:43:22.344504+05:30,f,101,101,131
772,129,130,101,2019-02-07 12:43:22.344504+05:30,101,2019-02-07 12:43:22.344504+05:30,f,101,101,131
773,129,130,101,2019-02-07 12:52:14.967877+05:30,101,2019-02-07 12:52:14.967877+05:30,f,101,103,135
774,129,130,101,2019-02-07 12:52:14.967877+05:30,101,2019-02-07 12:52:14.967877+05:30,f,102,103,135
775,117,211,101,2019-02-09 02:09:24.853144+05:30,101,2019-02-09 02:09:24.853144+05:30,f,101,102,101
