PhoneID,PatientID,CreatedBy,CreatedDatetime,UpdatedBy,UpdatedDatetime,CountryCode,PhoneNumber,IsDeleted,AlternatePhoneNumber
101,101,108,2018-01-16 15:34:56.780414+05:30,108,2018-01-16 15:34:56.780414+05:30,233,1111111111,f,
102,102,108,2018-01-16 17:36:53.863951+05:30,108,2018-01-16 17:36:53.863951+05:30,233,1111111111,f,
103,103,108,2018-01-16 17:39:10.755205+05:30,108,2018-01-16 17:39:10.755205+05:30,233,1111111111,f,
106,106,107,2018-01-18 01:56:25.614184+05:30,107,2018-01-18 01:56:25.614184+05:30,233,0247775121,f,
107,107,111,2018-01-18 13:42:19.166375+05:30,111,2018-01-18 13:42:19.166375+05:30,233,1111111111,f,
144,144,150,2018-01-24 18:02:13.307972+05:30,150,2018-01-24 18:02:13.307972+05:30,233,1234567890,f,
108,108,111,2018-01-18 13:46:39.16119+05:30,111,2018-01-18 13:47:51.578099+05:30,233,2532556856,t,
109,109,111,2018-01-18 13:50:22.07547+05:30,111,2018-01-18 13:50:22.07547+05:30,233,1112222333,f,
111,111,111,2018-01-18 14:09:01.111704+05:30,111,2018-01-18 14:09:01.111704+05:30,233,1111111111,t,
112,112,111,2018-01-18 14:18:03.73485+05:30,111,2018-01-18 14:18:03.73485+05:30,233,1111111111,t,
113,113,111,2018-01-18 15:54:57.186414+05:30,111,2018-01-18 15:54:57.186414+05:30,233,5555555555,f,
114,114,107,2018-01-19 01:49:53.004024+05:30,107,2018-01-19 01:49:53.004024+05:30,233,5896635445,f,
110,110,107,2018-01-18 14:01:25.213622+05:30,107,2018-01-19 01:56:16.689613+05:30,233,2222222222,f,
115,115,111,2018-01-19 17:15:45.72017+05:30,111,2018-01-19 18:03:12.101849+05:30,233,4354557657,f,
145,145,163,2018-01-25 10:12:27.248469+05:30,163,2018-01-25 10:12:27.248469+05:30,91,123456789,f,
116,116,111,2018-01-19 18:01:23.143627+05:30,111,2018-01-19 18:03:43.616384+05:30,233,6668665558,f,
117,117,111,2018-01-19 18:02:41.388572+05:30,111,2018-01-19 18:04:19.768663+05:30,233,0383583388,f,
104,104,107,2018-01-17 18:15:22.769469+05:30,107,2018-01-19 18:05:32.168936+05:30,233,0247775121,f,
118,118,111,2018-01-19 18:05:38.923657+05:30,111,2018-01-19 18:05:38.923657+05:30,233,8655658658,f,
119,119,111,2018-01-19 18:07:18.569915+05:30,111,2018-01-19 18:08:54.405008+05:30,233,8658658658,f,
120,120,107,2018-01-19 19:36:35.434068+05:30,107,2018-01-19 19:36:35.434068+05:30,233,0244852236,f,
121,121,149,2018-01-22 11:16:15.699979+05:30,149,2018-01-22 11:16:15.699979+05:30,233,4679799797,f,
122,122,149,2018-01-22 12:13:01.294748+05:30,149,2018-01-22 12:13:01.294748+05:30,233,1111111111,f,
123,123,149,2018-01-22 12:14:48.469798+05:30,149,2018-01-22 12:14:48.469798+05:30,233,1111111111,f,
124,124,149,2018-01-22 12:16:00.479649+05:30,149,2018-01-22 12:16:00.479649+05:30,233,1111111111,f,
125,125,149,2018-01-22 12:16:13.74108+05:30,149,2018-01-22 12:16:13.74108+05:30,233,2134646461,f,
127,127,149,2018-01-22 12:30:21.767209+05:30,149,2018-01-22 12:30:21.767209+05:30,233,1111111111,f,
146,146,161,2018-01-25 10:30:44.377033+05:30,161,2018-01-25 10:30:44.377033+05:30,91,1264567879,f,
129,129,150,2018-01-23 11:46:19.317678+05:30,150,2018-01-23 12:00:27.951672+05:30,233,5858285639,f,
148,148,161,2018-01-25 10:32:29.490613+05:30,161,2018-01-25 10:32:29.490613+05:30,91,1234567890,f,
126,126,149,2018-01-22 12:25:08.900311+05:30,150,2018-01-23 11:55:44.619641+05:30,233,1111111111,f,
130,130,150,2018-01-23 13:16:54.359727+05:30,150,2018-01-23 13:16:54.359727+05:30,233,5555555555,t,
128,128,150,2018-01-23 11:30:19.220959+05:30,150,2018-01-23 11:30:19.220959+05:30,233,1234567899,t,
131,131,161,2018-01-23 14:16:19.163498+05:30,161,2018-01-23 14:16:19.163498+05:30,91,123456789,f,
133,133,161,2018-01-23 14:54:49.031674+05:30,161,2018-01-23 14:54:49.031674+05:30,91,1234567908,f,
138,138,161,2018-01-23 16:18:38.731451+05:30,161,2018-01-23 16:18:38.731451+05:30,91,123456789,f,
139,139,161,2018-01-23 16:20:32.885344+05:30,161,2018-01-23 16:20:32.885344+05:30,91,123456789,f,
140,140,163,2018-01-23 16:41:50.14897+05:30,163,2018-01-23 16:41:50.14897+05:30,91,1234567800,f,
151,151,161,2018-01-25 10:35:22.319099+05:30,161,2018-01-25 10:35:22.319099+05:30,91,6666666666,f,
152,152,161,2018-01-25 10:45:24.57398+05:30,161,2018-01-25 10:45:24.57398+05:30,91,133456789,f,
153,153,161,2018-01-25 10:58:56.391284+05:30,161,2018-01-25 10:58:56.391284+05:30,91,1234567879,f,
136,136,161,2018-01-23 16:16:44.521728+05:30,164,2018-01-23 19:42:46.758474+05:30,91,1234567890,f,
141,141,150,2018-01-24 09:57:55.143492+05:30,150,2018-01-24 09:57:55.143492+05:30,233,1237894500,f,
171,171,161,2018-04-19 13:04:32.955353+05:30,161,2018-04-19 13:04:32.955353+05:30,91,9696588558,f,
147,147,161,2018-01-25 10:31:42.943222+05:30,161,2018-01-25 15:12:56.767355+05:30,91,1264597890,f,
149,149,161,2018-01-25 10:33:23.768591+05:30,161,2018-01-25 15:13:23.595817+05:30,91,123456789,f,
155,155,161,2018-01-25 15:51:56.648368+05:30,161,2018-01-25 15:51:56.648368+05:30,91,8880591652,f,
154,154,150,2018-01-25 15:48:42.388845+05:30,150,2018-01-25 17:25:23.155338+05:30,233,247775121,f,
175,175,161,2018-05-24 14:35:28.918599+05:30,161,2018-05-24 14:35:28.918599+05:30,91,6555565537,f,
156,156,208,2018-01-25 17:53:38.24282+05:30,208,2018-01-25 21:05:03.067226+05:30,233,012345678,f,
157,157,107,2018-01-26 17:15:55.014034+05:30,107,2018-01-26 17:15:55.014034+05:30,233,0888555566,f,
142,142,173,2018-01-24 13:03:27.490663+05:30,173,2018-01-24 13:03:27.490663+05:30,233,7657567567,f,
137,137,161,2018-01-23 16:17:46.581925+05:30,161,2018-01-24 15:16:40.941674+05:30,91,9553247666,f,
158,158,107,2018-01-26 17:13:45.247756+05:30,107,2018-01-26 17:13:45.247756+05:30,233,0266752758,f,
159,159,107,2018-01-26 17:25:53.940594+05:30,107,2018-01-26 17:25:53.940594+05:30,233,0725335652,f,
160,160,208,2018-01-30 20:57:33.654458+05:30,208,2018-01-30 20:57:33.654458+05:30,233,2585236985,f,
161,161,111,2018-01-31 12:09:59.030958+05:30,111,2018-01-31 12:09:59.030958+05:30,233,123456789,f,
162,162,161,2018-02-23 09:42:48.957074+05:30,161,2018-02-23 09:42:48.957074+05:30,91,5956595955,f,
164,164,161,2018-03-16 15:44:31.851435+05:30,161,2018-03-16 15:44:31.851435+05:30,91,2626295929,f,
165,165,108,2018-03-20 12:08:54.58785+05:30,108,2018-03-20 12:08:54.58785+05:30,233,9669855985,f,
105,105,111,2018-01-17 23:01:06.00989+05:30,111,2018-01-17 23:01:06.00989+05:30,233,0111111111,t,
163,163,161,2018-03-02 18:30:41.728207+05:30,161,2018-03-02 18:30:41.728207+05:30,91,1335858588,t,
135,135,161,2018-01-23 15:18:34.336333+05:30,161,2018-01-25 15:10:14.359397+05:30,91,2133333133,t,
166,166,161,2018-03-21 14:53:59.613176+05:30,161,2018-03-21 14:53:59.613176+05:30,91,569888255,t,
167,167,161,2018-04-02 10:45:19.20047+05:30,161,2018-04-02 10:45:19.20047+05:30,91,3698521478,f,
168,168,161,2018-04-17 16:02:22.401127+05:30,161,2018-04-17 16:02:39.468128+05:30,91,6666800855,f,
169,169,161,2018-04-19 12:56:46.094138+05:30,161,2018-04-19 12:56:46.094138+05:30,91,5575721417,f,
177,177,161,2018-05-24 14:38:38.459683+05:30,161,2018-05-24 14:38:38.459683+05:30,91,6555522245,f,
143,143,161,2018-01-24 17:03:35.647207+05:30,161,2018-05-08 11:06:07.07235+05:30,91,123456789,f,
172,172,161,2018-05-08 12:16:00.208764+05:30,161,2018-05-08 12:16:00.208764+05:30,91,8523697412,f,
173,173,164,2018-05-14 12:50:31.223259+05:30,164,2018-05-14 12:50:31.223259+05:30,91,5534233244,f,
174,174,164,2018-05-14 16:06:06.134064+05:30,164,2018-05-14 16:06:06.134064+05:30,91,6564562424,f,
180,180,161,2018-05-24 16:01:22.474857+05:30,161,2018-05-24 16:01:22.474857+05:30,91,5809632588,f,
134,134,161,2018-01-23 14:55:53.757962+05:30,161,2018-05-24 18:40:02.608402+05:30,91,1234567890,f,
179,179,223,2018-05-24 14:57:21.038684+05:30,233,2018-05-25 15:14:46.40969+05:30,254,6549877565,f,
150,150,161,2018-01-25 10:34:19.994295+05:30,161,2018-05-25 14:33:22.417945+05:30,91,1234567897,f,
176,176,161,2018-05-24 14:37:01.57405+05:30,161,2018-05-25 15:32:38.167034+05:30,91,9632587412,f,
182,182,223,2018-05-24 17:43:55.959202+05:30,223,2018-05-24 17:43:55.959202+05:30,254,9885522332,t,
178,178,223,2018-05-24 14:56:30.430437+05:30,223,2018-05-29 15:34:53.680043+05:30,254,7896756453,t,
132,132,161,2018-01-23 14:25:47.848084+05:30,161,2018-06-05 16:22:33.457316+05:30,91,1234567890,f,
223,223,251,2018-05-26 12:59:21.980943+05:30,251,2018-05-26 12:59:21.980943+05:30,233,7228566806,f,
257,257,161,2018-05-28 13:05:50.85225+05:30,161,2018-05-28 13:05:50.85225+05:30,91,8085984500,f,
258,258,161,2018-05-28 13:07:20.795177+05:30,161,2018-05-28 13:07:20.795177+05:30,91,8075607260,f,
201,201,161,2018-05-25 16:51:41.965962+05:30,161,2018-05-28 11:09:49.970812+05:30,91,0896563555,f,
228,228,161,2018-05-28 11:43:12.807331+05:30,161,2018-05-28 11:43:12.807331+05:30,91,8550556085,f,
229,229,161,2018-05-28 11:45:06.441714+05:30,161,2018-05-28 11:45:06.441714+05:30,91,8808588580,f,
230,230,161,2018-05-28 11:46:33.070805+05:30,161,2018-05-28 11:48:23.346219+05:30,91,8588580598,f,
231,231,161,2018-05-28 11:48:46.368814+05:30,161,2018-05-28 11:48:46.368814+05:30,91,5580858088,f,
206,206,232,2018-05-25 22:15:36.653087+05:30,232,2018-06-15 01:29:19.862065+05:30,233,0548108587,f,
232,232,161,2018-05-28 11:50:03.494974+05:30,161,2018-05-28 11:50:03.494974+05:30,91,5889989888,f,
181,181,161,2018-05-24 16:14:00.610282+05:30,161,2018-05-25 11:07:42.62422+05:30,91,8585236985,f,
233,233,161,2018-05-28 11:51:16.077536+05:30,161,2018-05-28 11:51:16.077536+05:30,91,8888888558,f,
234,234,161,2018-05-28 11:53:22.349056+05:30,161,2018-05-28 11:53:22.349056+05:30,91,8598088085,f,
235,235,161,2018-05-28 11:54:14.297266+05:30,161,2018-05-28 11:54:14.297266+05:30,91,5800965658,f,
236,236,161,2018-05-28 11:56:17.219968+05:30,161,2018-05-28 11:56:17.219968+05:30,91,8855588555,f,
237,237,161,2018-05-28 11:57:27.581189+05:30,161,2018-05-28 11:57:27.581189+05:30,91,8888588598,f,
238,238,161,2018-05-28 11:59:21.100592+05:30,161,2018-05-28 11:59:21.100592+05:30,91,8890889078,f,
222,222,251,2018-05-26 12:57:31.822112+05:30,251,2018-05-26 13:56:42.285923+05:30,233,5758568698,f,
239,239,161,2018-05-28 12:00:52.450042+05:30,161,2018-05-28 12:00:52.450042+05:30,91,8075988896,f,
185,185,161,2018-05-25 11:08:40.313588+05:30,161,2018-05-25 11:45:52.551799+05:30,91,3533565656,f,
186,186,161,2018-05-25 11:52:55.257916+05:30,161,2018-05-25 11:52:55.257916+05:30,91,9565656562,f,
187,187,251,2018-05-25 15:33:41.874075+05:30,251,2018-05-25 15:33:41.874075+05:30,233,4222358689,f,
240,240,161,2018-05-28 12:06:31.750609+05:30,161,2018-05-28 12:06:31.750609+05:30,91,8888598598,f,
210,210,223,2018-05-26 09:10:31.067581+05:30,223,2018-05-26 09:10:31.067581+05:30,254,7566757557,t,
190,190,161,2018-05-25 16:04:07.253424+05:30,161,2018-05-25 16:04:07.253424+05:30,91,5858563258,f,
191,191,161,2018-05-25 16:06:51.513397+05:30,161,2018-05-25 16:06:51.513397+05:30,91,8988580859,f,
192,192,161,2018-05-25 16:09:10.738801+05:30,161,2018-05-25 16:09:10.738801+05:30,91,8552588522,f,
193,193,251,2018-05-25 16:10:41.607972+05:30,251,2018-05-25 16:10:41.607972+05:30,233,7780077587,f,
194,194,161,2018-05-25 16:11:48.712353+05:30,161,2018-05-25 16:11:48.712353+05:30,91,8554800855,f,
195,195,232,2018-05-25 16:18:15.253945+05:30,232,2018-05-25 16:18:15.253945+05:30,233,0247775121,f,
196,196,251,2018-05-25 16:25:50.41431+05:30,251,2018-05-25 16:26:23.4312+05:30,233,1721756609,f,
197,197,251,2018-05-25 16:28:10.100424+05:30,251,2018-05-25 16:29:27.917807+05:30,233,2795866576,f,
198,198,251,2018-05-25 16:30:24.651081+05:30,251,2018-05-25 16:30:59.42152+05:30,233,7228668609,f,
199,199,161,2018-05-25 16:48:03.938847+05:30,161,2018-05-25 16:50:41.441146+05:30,91,5266255356,f,
202,202,251,2018-05-25 16:52:29.467354+05:30,251,2018-05-25 16:52:29.467354+05:30,233,5672866668,f,
203,203,251,2018-05-25 16:54:09.624919+05:30,251,2018-05-25 16:54:09.624919+05:30,233,5686588666,f,
241,241,161,2018-05-28 12:10:10.369584+05:30,161,2018-05-28 12:10:10.369584+05:30,91,8800885508,f,
204,204,251,2018-05-25 16:56:12.718071+05:30,251,2018-05-25 16:56:12.718071+05:30,233,5576586689,f,
242,242,161,2018-05-28 12:19:14.585454+05:30,161,2018-05-28 12:19:14.585454+05:30,91,9000855808,f,
243,243,161,2018-05-28 12:30:04.420654+05:30,161,2018-05-28 12:30:04.420654+05:30,91,5808508599,f,
244,244,161,2018-05-28 12:38:35.269291+05:30,161,2018-05-28 12:38:35.269291+05:30,91,8005500858,f,
245,245,161,2018-05-28 12:39:57.27816+05:30,161,2018-05-28 12:39:57.27816+05:30,91,0855984558,f,
259,259,161,2018-05-28 13:08:43.743846+05:30,161,2018-05-28 13:08:43.743846+05:30,91,5587588558,f,
246,246,161,2018-05-28 12:47:07.685117+05:30,161,2018-05-28 12:47:07.685117+05:30,91,0085569995,f,
208,208,223,2018-05-26 08:26:18.014967+05:30,223,2018-05-26 08:26:18.014967+05:30,254,8523697412,f,
211,211,223,2018-05-26 09:12:39.024963+05:30,223,2018-05-26 09:12:39.024963+05:30,254,8568588568,f,
212,212,223,2018-05-26 08:54:53.388305+05:30,223,2018-05-26 08:54:53.388305+05:30,254,8866755454,f,
213,213,251,2018-05-26 12:32:20.072705+05:30,251,2018-05-26 12:32:20.072705+05:30,233,7658686866,f,
214,214,251,2018-05-26 12:34:11.882488+05:30,251,2018-05-26 09:11:52.014919+05:30,233,4223288666,f,
215,215,251,2018-05-26 12:38:35.845301+05:30,251,2018-05-26 12:38:35.845301+05:30,233,2432765865,f,
217,217,251,2018-05-26 12:47:36.703725+05:30,251,2018-05-26 12:47:36.703725+05:30,233,5768650568,f,
219,219,251,2018-05-26 12:50:27.6804+05:30,251,2018-05-26 12:51:43.042311+05:30,233,7128566600,f,
247,247,161,2018-05-28 12:48:30.414969+05:30,161,2018-05-28 12:49:17.835644+05:30,91,8999988888,f,
184,184,223,2018-05-25 10:48:16.036633+05:30,223,2018-06-01 15:43:26.342128+05:30,254,9632587412,f,
220,220,251,2018-05-26 12:53:23.617006+05:30,251,2018-05-26 22:42:57.746776+05:30,233,5658560606,f,
248,248,161,2018-05-28 12:50:20.883558+05:30,161,2018-05-28 12:50:20.883558+05:30,91,8800998745,f,
249,249,161,2018-05-28 12:55:04.751016+05:30,161,2018-05-28 12:55:04.751016+05:30,91,8800985560,f,
224,224,251,2018-05-26 13:02:02.205108+05:30,251,2018-05-26 22:47:12.865826+05:30,233,2723765689,f,
216,216,251,2018-05-26 12:45:04.420786+05:30,251,2018-05-26 12:45:04.420786+05:30,233,7128658560,t,
225,225,251,2018-05-26 13:07:12.852111+05:30,251,2018-05-26 22:46:47.67834+05:30,233,2728236686,t,
227,227,251,2018-05-27 14:16:14.547699+05:30,251,2018-05-27 14:16:14.547699+05:30,233,1234567990,f,
260,260,161,2018-05-28 13:09:36.004726+05:30,161,2018-05-28 13:09:36.004726+05:30,91,8888885908,f,
250,250,161,2018-05-28 12:56:36.078144+05:30,161,2018-05-28 12:56:36.078144+05:30,91,5585523698,f,
251,251,161,2018-05-28 12:57:56.94193+05:30,161,2018-05-28 12:57:56.94193+05:30,91,5888007890,f,
252,252,161,2018-05-28 12:58:49.757451+05:30,161,2018-05-28 12:58:49.757451+05:30,91,8007807898,f,
253,253,161,2018-05-28 12:59:46.606265+05:30,161,2018-05-28 12:59:46.606265+05:30,91,7009988999,f,
254,254,161,2018-05-28 13:02:03.105976+05:30,161,2018-05-28 13:02:03.105976+05:30,91,5808599085,f,
255,255,161,2018-05-28 13:03:25.31205+05:30,161,2018-05-28 13:03:25.31205+05:30,91,8096888885,f,
261,261,161,2018-05-28 13:10:28.330158+05:30,161,2018-05-28 13:10:28.330158+05:30,91,8085984505,f,
262,262,161,2018-05-28 13:42:14.237878+05:30,161,2018-05-28 13:42:14.237878+05:30,91,5885988588,f,
256,256,161,2018-05-28 13:04:37.822293+05:30,161,2018-05-28 13:16:01.626213+05:30,91,8888085888,f,
263,263,161,2018-05-28 13:48:55.562003+05:30,161,2018-05-28 13:48:55.562003+05:30,91,8458749045,f,
264,264,161,2018-05-28 13:50:10.832964+05:30,161,2018-05-28 13:50:10.832964+05:30,91,8800874804,f,
265,265,161,2018-05-28 13:24:05.790144+05:30,161,2018-05-28 13:24:05.790144+05:30,91,0085985988,f,
266,266,161,2018-05-28 13:52:07.90389+05:30,161,2018-05-28 13:52:07.90389+05:30,91,8859845045,f,
267,267,161,2018-05-28 13:53:11.720146+05:30,161,2018-05-28 13:53:11.720146+05:30,91,5899575885,f,
268,268,161,2018-05-28 13:54:27.901315+05:30,161,2018-05-28 13:54:27.901315+05:30,91,8858458089,f,
269,269,161,2018-05-28 13:55:31.31044+05:30,161,2018-05-28 13:55:31.31044+05:30,91,8056059758,f,
200,200,251,2018-05-25 16:49:41.305494+05:30,252,2018-05-29 17:39:04.03375+05:30,233,7128568660,f,
205,205,223,2018-05-25 17:31:40.099621+05:30,223,2018-05-25 17:31:40.099621+05:30,254,6856856856,t,
207,207,223,2018-05-26 07:23:51.941417+05:30,223,2018-05-26 07:23:51.941417+05:30,254,6586855765,t,
270,270,161,2018-05-28 13:57:16.468265+05:30,161,2018-05-28 13:57:16.468265+05:30,91,0846845886,f,
279,279,161,2018-05-28 14:10:01.912833+05:30,161,2018-05-28 14:10:01.912833+05:30,91,8899859848,f,
271,271,161,2018-05-28 13:59:00.807466+05:30,161,2018-05-28 13:59:00.807466+05:30,91,8568768868,f,
274,274,161,2018-05-28 14:02:34.799899+05:30,161,2018-05-28 14:02:34.799899+05:30,91,8560726089,f,
281,281,161,2018-05-28 14:13:42.118211+05:30,161,2018-05-28 14:13:42.118211+05:30,91,8685508508,f,
272,272,161,2018-05-28 14:00:28.761929+05:30,161,2018-05-28 14:00:28.761929+05:30,91,8858795688,f,
278,278,161,2018-05-28 14:08:21.57541+05:30,161,2018-05-28 14:08:21.57541+05:30,91,8807500585,f,
273,273,161,2018-05-28 14:01:28.768665+05:30,161,2018-05-28 14:01:28.768665+05:30,91,8868560896,f,
276,276,161,2018-05-28 14:05:44.650597+05:30,161,2018-05-28 14:07:04.225291+05:30,91,8568828859,f,
275,275,161,2018-05-28 14:04:19.603129+05:30,161,2018-05-28 14:04:19.603129+05:30,91,8598697985,f,
280,280,161,2018-05-28 14:11:34.031771+05:30,161,2018-05-28 14:11:34.031771+05:30,91,8560458828,f,
277,277,161,2018-05-28 14:06:56.856983+05:30,161,2018-05-28 14:06:56.856983+05:30,91,8684588888,f,
282,282,161,2018-05-28 14:15:22.318654+05:30,161,2018-05-28 14:15:22.318654+05:30,91,0868450458,f,
283,283,161,2018-05-28 14:17:39.231656+05:30,161,2018-05-28 14:17:39.231656+05:30,91,0855288598,f,
284,284,161,2018-05-28 14:20:00.02538+05:30,161,2018-05-28 14:20:00.02538+05:30,91,898568886,f,
285,285,251,2018-05-28 14:24:07.094663+05:30,251,2018-05-28 14:24:07.094663+05:30,233,1234567890,f,
286,286,161,2018-05-28 14:24:55.589716+05:30,161,2018-05-28 14:24:55.589716+05:30,91,8988580858,f,
287,287,251,2018-05-28 14:26:25.441667+05:30,251,2018-05-28 14:26:25.441667+05:30,233,1234567891,f,
288,288,161,2018-05-28 14:26:38.538139+05:30,161,2018-05-28 14:26:38.538139+05:30,91,8758855885,f,
289,289,251,2018-05-28 14:27:15.979023+05:30,251,2018-05-28 14:27:15.979023+05:30,233,1234567892,f,
290,290,161,2018-05-28 14:27:52.721599+05:30,161,2018-05-28 14:27:52.721599+05:30,91,9996908099,f,
291,291,161,2018-05-28 14:29:05.069927+05:30,161,2018-05-28 14:29:05.069927+05:30,91,5888988880,f,
292,292,161,2018-05-28 14:32:18.674649+05:30,161,2018-05-28 14:32:18.674649+05:30,91,8558450750,f,
293,293,161,2018-05-28 14:33:12.614946+05:30,161,2018-05-28 14:33:12.614946+05:30,91,5587508909,f,
294,294,161,2018-05-28 14:34:18.072444+05:30,161,2018-05-28 14:34:18.072444+05:30,91,8504504908,f,
295,295,161,2018-05-28 14:35:09.032022+05:30,161,2018-05-28 14:35:09.032022+05:30,91,8598566842,f,
296,296,161,2018-05-28 14:36:06.546777+05:30,161,2018-05-28 14:36:06.546777+05:30,91,8298580808,f,
297,297,161,2018-05-28 14:37:12.373729+05:30,161,2018-05-28 14:37:12.373729+05:30,91,8898808508,f,
298,298,161,2018-05-28 14:38:25.776704+05:30,161,2018-05-28 14:38:25.776704+05:30,91,8585285555,f,
299,299,161,2018-05-28 14:39:21.253301+05:30,161,2018-05-28 14:39:21.253301+05:30,91,5587457480,f,
300,300,161,2018-05-28 14:40:40.121076+05:30,161,2018-05-28 14:40:40.121076+05:30,91,8599808590,f,
301,301,161,2018-05-28 14:41:42.805596+05:30,161,2018-05-28 14:41:42.805596+05:30,91,0898568858,f,
302,302,161,2018-05-28 14:42:47.598336+05:30,161,2018-05-28 14:42:47.598336+05:30,91,8558759852,f,
303,303,161,2018-05-28 14:43:43.206626+05:30,161,2018-05-28 14:43:43.206626+05:30,91,8887487490,f,
304,304,161,2018-05-28 14:44:51.909678+05:30,161,2018-05-28 14:44:51.909678+05:30,91,0890480588,f,
305,305,161,2018-05-28 14:45:43.043916+05:30,161,2018-05-28 14:45:43.043916+05:30,91,0898597460,f,
306,306,161,2018-05-28 14:46:55.525959+05:30,161,2018-05-28 14:46:55.525959+05:30,91,8598588560,f,
307,307,161,2018-05-28 14:47:48.135781+05:30,161,2018-05-28 14:47:48.135781+05:30,91,8898460799,f,
308,308,161,2018-05-28 14:48:51.481028+05:30,161,2018-05-28 14:48:51.481028+05:30,91,8807598598,f,
309,309,161,2018-05-28 14:50:39.808753+05:30,161,2018-05-28 14:50:39.808753+05:30,91,8898598889,f,
310,310,161,2018-05-28 14:52:15.439032+05:30,161,2018-05-28 14:52:15.439032+05:30,91,8808508808,f,
311,311,161,2018-05-28 14:53:14.842041+05:30,161,2018-05-28 14:53:14.842041+05:30,91,8899988985,f,
312,312,161,2018-05-28 14:54:11.680436+05:30,161,2018-05-28 14:54:11.680436+05:30,91,8507900885,f,
313,313,161,2018-05-28 14:55:22.191401+05:30,161,2018-05-28 14:55:22.191401+05:30,91,8898888888,f,
314,314,161,2018-05-28 14:56:30.18645+05:30,161,2018-05-28 14:56:30.18645+05:30,91,8800800008,f,
315,315,161,2018-05-28 14:57:53.981034+05:30,161,2018-05-28 14:57:53.981034+05:30,91,9888888888,f,
316,316,161,2018-05-28 14:58:52.131521+05:30,161,2018-05-28 14:58:52.131521+05:30,91,8700808099,f,
317,317,161,2018-05-28 15:00:00.734881+05:30,161,2018-05-28 15:00:00.734881+05:30,91,8880780080,f,
318,318,161,2018-05-28 15:01:06.590465+05:30,161,2018-05-28 15:01:06.590465+05:30,91,8800888855,f,
319,319,161,2018-05-28 15:02:10.398509+05:30,161,2018-05-28 15:02:10.398509+05:30,91,8800888000,f,
320,320,161,2018-05-28 15:03:45.447699+05:30,161,2018-05-28 15:03:45.447699+05:30,91,5522800450,f,
321,321,161,2018-05-28 15:05:09.820291+05:30,161,2018-05-28 15:05:09.820291+05:30,91,7807588588,f,
322,322,161,2018-05-28 15:06:20.778686+05:30,161,2018-05-28 15:06:20.778686+05:30,91,8808508888,f,
323,323,161,2018-05-28 15:07:37.896262+05:30,161,2018-05-28 15:07:37.896262+05:30,91,8900888888,f,
324,324,161,2018-05-28 15:08:39.932949+05:30,161,2018-05-28 15:08:39.932949+05:30,91,0009669966,f,
325,325,161,2018-05-28 15:09:32.873898+05:30,161,2018-05-28 15:09:32.873898+05:30,91,8558888888,f,
327,327,161,2018-05-28 15:11:32.293184+05:30,161,2018-05-28 15:11:32.293184+05:30,91,5684908908,f,
326,326,161,2018-05-28 15:10:29.925147+05:30,161,2018-05-28 15:11:44.989561+05:30,91,8522585528,f,
328,328,161,2018-05-28 15:21:37.143713+05:30,161,2018-05-28 15:21:37.143713+05:30,91,9999999999,f,
329,329,161,2018-05-28 16:09:48.704625+05:30,161,2018-05-28 16:09:48.704625+05:30,91,8888888888,f,
330,330,161,2018-05-28 16:11:35.612503+05:30,161,2018-05-28 16:11:35.612503+05:30,91,9888888999,f,
331,331,161,2018-05-28 16:12:31.374984+05:30,161,2018-05-28 16:33:37.74293+05:30,91,5665555555,f,
332,332,251,2018-05-28 16:34:35.922765+05:30,251,2018-05-28 16:34:35.922765+05:30,233,7328328669,f,
335,335,265,2018-05-29 13:01:56.287129+05:30,265,2018-05-29 13:11:24.281894+05:30,233,1234567890,f,
188,188,251,2018-05-25 15:41:06.088751+05:30,251,2018-05-25 15:43:54.707197+05:30,233,7227568950,t,
337,337,161,2018-05-29 14:53:50.246832+05:30,161,2018-05-29 14:53:50.246832+05:30,91,0885523698,f,
338,338,161,2018-05-29 14:55:40.115157+05:30,161,2018-05-29 14:55:40.115157+05:30,91,8808745085,f,
339,339,161,2018-05-29 15:05:29.042388+05:30,161,2018-05-29 15:05:29.042388+05:30,91,8808852580,f,
350,350,161,2018-05-30 11:35:29.671556+05:30,161,2018-05-30 11:35:29.671556+05:30,91,0856088808,f,
336,336,223,2018-05-29 14:05:25.320881+05:30,223,2018-05-29 15:31:42.095062+05:30,254,6565862442,t,
209,209,223,2018-05-26 08:28:04.60129+05:30,223,2018-05-29 15:34:18.67014+05:30,254,5569632147,t,
340,340,161,2018-05-29 15:21:47.020567+05:30,161,2018-05-29 15:52:10.02277+05:30,91,8000555085,f,
341,341,223,2018-05-29 17:32:15.277806+05:30,223,2018-05-29 17:32:15.277806+05:30,254,8898885856,f,
342,342,252,2018-05-29 17:51:34.938516+05:30,252,2018-05-29 17:51:34.938516+05:30,233,3455564223,f,
218,218,233,2018-05-26 12:49:54.401966+05:30,233,2018-05-26 12:49:54.401966+05:30,254,3546555824,t,
221,221,233,2018-05-26 12:54:01.297304+05:30,233,2018-05-26 12:54:01.297304+05:30,254,8823697412,t,
333,333,223,2018-05-29 12:17:45.892213+05:30,223,2018-05-29 12:17:45.892213+05:30,254,5678566754,t,
343,343,223,2018-05-30 09:46:46.629837+05:30,223,2018-05-30 09:46:46.629837+05:30,254,3553244557,f,
344,344,223,2018-05-30 10:07:46.667995+05:30,223,2018-05-30 10:07:46.667995+05:30,254,7657357535,f,
345,345,223,2018-05-30 10:12:55.810602+05:30,223,2018-05-30 10:12:55.810602+05:30,254,6757654322,f,
347,347,161,2018-05-30 11:27:28.634453+05:30,161,2018-05-30 11:27:28.634453+05:30,91,9988888888,f,
348,348,161,2018-05-30 11:30:04.24157+05:30,161,2018-05-30 11:30:04.24157+05:30,91,6688888555,f,
349,349,161,2018-05-30 11:32:38.002214+05:30,161,2018-05-30 11:32:38.002214+05:30,91,8890888885,f,
352,352,161,2018-05-30 11:38:03.524209+05:30,161,2018-05-30 11:38:03.524209+05:30,91,8800888888,f,
353,353,161,2018-05-30 11:41:27.400555+05:30,161,2018-05-30 11:41:27.400555+05:30,91,8888888888,f,
354,354,161,2018-05-30 11:43:58.667466+05:30,161,2018-05-30 11:43:58.667466+05:30,91,8800000000,f,
356,356,161,2018-05-30 11:49:30.12135+05:30,161,2018-05-30 11:49:30.12135+05:30,91,9908889999,f,
358,358,161,2018-05-30 11:52:59.933017+05:30,161,2018-05-30 11:52:59.933017+05:30,91,0888888888,f,
360,360,161,2018-05-30 12:03:08.734182+05:30,161,2018-05-30 12:03:08.734182+05:30,91,5880088855,f,
359,359,161,2018-05-30 11:59:38.682952+05:30,161,2018-05-30 11:59:38.682952+05:30,91,8888888888,f,
363,363,161,2018-05-30 12:07:33.142457+05:30,161,2018-05-30 12:07:33.142457+05:30,91,6555288555,f,
357,357,161,2018-05-30 11:51:34.142566+05:30,161,2018-06-14 14:36:13.343515+05:30,91,5588555555,f,
365,365,232,2018-05-30 15:30:58.42764+05:30,232,2018-05-31 00:53:28.517279+05:30,233,0244145696,t,
351,351,251,2018-05-30 11:36:51.273855+05:30,252,2018-08-23 15:40:54.892411+05:30,233,1234567890,f,
364,364,161,2018-05-30 12:10:11.433563+05:30,161,2018-05-30 17:28:41.020223+05:30,91,6588558888,f,
355,355,161,2018-05-30 11:46:43.323367+05:30,161,2018-09-07 14:59:21.555749+05:30,91,5888888888,f,
366,366,223,2018-05-30 18:45:06.571824+05:30,223,2018-05-30 18:45:06.571824+05:30,254,5565221457,f,
367,367,223,2018-05-30 18:50:01.90999+05:30,223,2018-05-30 18:50:01.90999+05:30,254,5286545456,f,
369,369,223,2018-05-31 11:03:02.042543+05:30,223,2018-05-31 11:03:02.042543+05:30,254,3546753423,f,
371,371,223,2018-05-31 11:08:34.591667+05:30,223,2018-05-31 11:08:34.591667+05:30,254,7875656423,f,
373,373,223,2018-05-31 11:13:57.301845+05:30,223,2018-05-31 11:13:57.301845+05:30,254,5688521475,f,
374,374,223,2018-05-31 11:15:23.567877+05:30,223,2018-05-31 11:15:23.567877+05:30,254,9632587412,f,
375,375,223,2018-05-31 11:16:41.649423+05:30,223,2018-05-31 11:16:41.649423+05:30,254,8523697412,f,
376,376,223,2018-05-31 11:18:01.775026+05:30,223,2018-05-31 11:18:01.775026+05:30,254,8998653232,f,
377,377,223,2018-05-31 11:19:03.073385+05:30,223,2018-05-31 11:19:03.073385+05:30,254,9886533221,f,
372,372,223,2018-05-31 11:12:48.790661+05:30,223,2018-05-31 11:25:09.764656+05:30,254,7259689187,f,
378,378,251,2018-05-31 11:49:27.291968+05:30,251,2018-05-31 11:49:27.291968+05:30,233,1234597890,f,
379,379,251,2018-05-31 13:09:09.455379+05:30,251,2018-05-31 13:09:09.455379+05:30,233,8327654657,f,
380,380,287,2018-05-31 14:25:52.868452+05:30,287,2018-05-31 14:25:52.868452+05:30,254,3457565543,f,
381,381,287,2018-05-31 14:26:45.173946+05:30,287,2018-05-31 14:26:45.173946+05:30,254,6555224257,f,
382,382,287,2018-05-31 14:28:51.436377+05:30,287,2018-05-31 14:28:51.436377+05:30,254,5343242456,f,
383,383,287,2018-05-31 14:29:39.828419+05:30,287,2018-05-31 14:29:39.828419+05:30,254,6459885675,f,
384,384,287,2018-05-31 14:30:58.171513+05:30,287,2018-05-31 14:30:58.171513+05:30,254,5565634264,f,
385,385,287,2018-05-31 14:31:47.207634+05:30,287,2018-05-31 14:31:47.207634+05:30,254,5554321248,f,
370,370,223,2018-05-31 11:04:13.294853+05:30,223,2018-05-31 11:04:13.294853+05:30,254,5555245488,t,
408,408,232,2018-06-20 04:35:31.033597+05:30,232,2018-06-20 04:35:31.033597+05:30,233,0245522553,t,
361,361,161,2018-05-30 12:04:25.420807+05:30,161,2018-05-31 14:44:51.274859+05:30,91,8888888555,f,
387,387,287,2018-05-31 15:46:34.18053+05:30,287,2018-05-31 19:06:15.057632+05:30,254,5677899755,f,
409,409,263,2018-06-21 12:23:15.556962+05:30,263,2018-06-21 12:23:15.556962+05:30,91,1234567890,f,
386,386,287,2018-05-31 14:46:16.317588+05:30,287,2018-05-31 19:21:26.290769+05:30,254,9632587412,f,
388,388,223,2018-06-01 10:44:36.207086+05:30,223,2018-06-01 10:44:36.207086+05:30,254,9632587412,f,
389,389,223,2018-06-01 12:20:10.724227+05:30,223,2018-06-01 12:20:10.724227+05:30,254,8895676453,f,
391,391,223,2018-06-01 15:18:23.061334+05:30,223,2018-06-01 15:18:23.061334+05:30,254,5757685855,f,
392,392,223,2018-06-01 15:24:51.270431+05:30,223,2018-06-01 15:24:51.270431+05:30,254,6856853242,f,
410,410,263,2018-06-21 15:27:11.371089+05:30,263,2018-06-21 15:27:11.371089+05:30,91,8854632589,f,
411,411,263,2018-06-21 15:28:52.149994+05:30,263,2018-06-21 15:28:52.149994+05:30,91,9963258741,f,
412,412,263,2018-06-21 15:40:38.525397+05:30,263,2018-06-21 15:40:38.525397+05:30,91,9999966666,f,
413,413,263,2018-06-21 16:05:07.221983+05:30,263,2018-06-21 16:05:07.221983+05:30,91,9999966666,f,
390,390,223,2018-06-01 14:50:21.505093+05:30,223,2018-06-01 15:26:48.060306+05:30,254,7655655685,f,
394,394,223,2018-06-01 15:39:34.412921+05:30,223,2018-06-01 15:39:34.412921+05:30,254,9632587412,f,
395,395,223,2018-06-01 15:52:36.528053+05:30,223,2018-06-01 15:52:36.528053+05:30,254,9632587412,f,
396,396,223,2018-06-01 18:38:30.343336+05:30,223,2018-06-01 18:38:30.343336+05:30,254,9632587412,f,
414,414,263,2018-06-21 15:35:30.487223+05:30,263,2018-06-21 15:35:30.487223+05:30,91,9999966666,f,
398,398,161,2018-06-04 13:03:26.475153+05:30,161,2018-06-04 13:08:05.238316+05:30,91,6665666666,f,
397,397,251,2018-06-02 14:17:10.087339+05:30,251,2018-06-04 17:02:15.888782+05:30,233,1234567890,f,
400,400,161,2018-06-05 13:27:41.261063+05:30,161,2018-06-05 13:27:41.261063+05:30,91,9999999999,f,
415,415,232,2018-06-25 01:10:32.884136+05:30,232,2018-06-25 01:10:32.884136+05:30,233,1234564890,t,
399,399,161,2018-06-04 13:06:25.385457+05:30,161,2018-06-13 18:10:35.752418+05:30,91,5555555555,f,
402,402,223,2018-06-14 15:09:12.875472+05:30,223,2018-06-14 15:09:39.614594+05:30,254,9632587410,f,
417,417,223,2018-06-25 11:25:31.403645+05:30,223,2018-06-25 11:25:31.403645+05:30,254,1234567890,t,
368,368,223,2018-05-31 11:00:56.929028+05:30,223,2018-06-14 15:37:25.675937+05:30,254,5562266124,f,
401,401,223,2018-06-14 10:09:30.828358+05:30,223,2018-06-14 16:06:19.329669+05:30,254,5685342247,f,
419,419,223,2018-06-25 11:41:20.263086+05:30,223,2018-06-25 11:41:20.263086+05:30,254,9885542478,t,
418,418,223,2018-06-25 11:27:07.817643+05:30,223,2018-06-25 11:27:07.817643+05:30,254,1234567890,t,
393,393,223,2018-06-01 15:34:06.740527+05:30,223,2018-06-14 16:36:14.466741+05:30,254,5685864222,f,
404,404,232,2018-06-20 02:07:18.914791+05:30,232,2018-06-20 02:07:18.914791+05:30,233,0242823459,t,
405,405,232,2018-06-20 03:41:43.982361+05:30,232,2018-06-20 03:41:43.982361+05:30,233,0244556655,t,
406,406,232,2018-06-20 03:44:11.432553+05:30,232,2018-06-20 03:44:11.432553+05:30,233,2255332233,t,
407,407,232,2018-06-20 04:26:56.127784+05:30,232,2018-06-20 04:26:56.127784+05:30,233,123456789,t,
422,422,223,2018-06-25 12:55:01.715135+05:30,223,2018-06-25 12:55:01.715135+05:30,254,6575742386,t,
421,421,223,2018-06-25 12:52:47.96216+05:30,223,2018-06-25 12:52:47.96216+05:30,254,5554662434,t,
420,420,223,2018-06-25 12:47:31.464979+05:30,223,2018-06-25 12:47:31.464979+05:30,254,5755656223,t,
423,423,232,2018-06-25 16:46:35.637397+05:30,232,2018-06-25 16:46:35.637397+05:30,233,1234567890,t,
424,424,232,2018-06-25 18:19:51.597116+05:30,232,2018-06-25 18:19:51.597116+05:30,233,1234567890,t,
425,425,232,2018-06-25 18:22:02.238592+05:30,232,2018-06-25 18:22:02.238592+05:30,233,1234565990,f,
426,426,232,2018-06-25 18:24:27.157676+05:30,232,2018-06-25 18:24:27.157676+05:30,233,5566558899,t,
427,427,232,2018-06-25 18:26:47.75982+05:30,232,2018-06-25 18:26:47.75982+05:30,233,5566552233,f,
428,428,232,2018-06-25 19:21:01.963849+05:30,232,2018-06-25 19:21:01.963849+05:30,233,0805256541,f,
429,429,232,2018-06-25 19:31:48.705189+05:30,232,2018-06-25 19:31:48.705189+05:30,233,0245552255,f,
430,430,232,2018-06-25 19:34:37.066414+05:30,232,2018-06-25 19:34:37.066414+05:30,233,0852145698,f,
431,431,232,2018-06-25 19:52:08.507715+05:30,232,2018-06-25 19:52:08.507715+05:30,233,0541236987,f,
432,432,232,2018-06-26 01:43:02.537136+05:30,232,2018-06-26 01:43:02.537136+05:30,233,5566554445,t,
433,433,232,2018-06-26 01:53:02.052948+05:30,232,2018-06-26 01:53:02.052948+05:30,233,258741369,t,
434,434,232,2018-06-26 01:56:23.535694+05:30,232,2018-06-26 01:56:23.535694+05:30,233,2545896322,t,
435,435,232,2018-06-26 01:59:32.33447+05:30,232,2018-06-26 01:59:32.33447+05:30,233,2547863258,t,
436,436,232,2018-06-26 02:01:20.472061+05:30,232,2018-06-26 02:01:20.472061+05:30,233,5232145663,t,
437,437,232,2018-06-26 02:03:49.254447+05:30,232,2018-06-26 02:03:49.254447+05:30,233,2541488866,t,
438,438,232,2018-06-26 02:06:42.203965+05:30,232,2018-06-26 02:06:42.203965+05:30,233,2541478963,t,
439,439,232,2018-06-26 02:08:41.882789+05:30,232,2018-06-26 02:08:41.882789+05:30,233,4563217890,f,
440,440,232,2018-06-26 02:10:11.104019+05:30,232,2018-06-26 02:10:11.104019+05:30,233,5641239844,f,
442,442,232,2018-06-26 02:31:26.636281+05:30,232,2018-06-26 02:31:26.636281+05:30,233,8045613251,f,
443,443,232,2018-06-26 02:32:52.109541+05:30,232,2018-06-26 02:32:52.109541+05:30,233,1223645488,t,
444,444,232,2018-06-26 02:34:29.71252+05:30,232,2018-06-26 02:34:29.71252+05:30,233,1562345849,f,
445,445,232,2018-06-26 02:41:28.438471+05:30,232,2018-06-26 02:41:28.438471+05:30,233,6452188769,f,
446,446,232,2018-06-26 02:43:05.191723+05:30,232,2018-06-26 02:43:05.191723+05:30,233,1856628499,f,
447,447,232,2018-06-26 02:43:51.337907+05:30,232,2018-06-26 02:43:51.337907+05:30,233,5964881661,f,
448,448,232,2018-06-26 02:45:55.717329+05:30,232,2018-06-26 02:45:55.717329+05:30,233,6558466266,f,
449,449,232,2018-06-26 02:47:57.363974+05:30,232,2018-06-26 02:47:57.363974+05:30,233,6465488266,f,
450,450,232,2018-06-26 02:50:08.202737+05:30,232,2018-06-26 02:50:08.202737+05:30,233,5664994662,f,
454,454,232,2018-06-26 02:56:48.89532+05:30,232,2018-06-26 02:56:48.89532+05:30,233,5694982661,f,
451,451,232,2018-06-26 02:51:51.652267+05:30,232,2018-06-26 02:51:51.652267+05:30,233,6499598849,f,
452,452,232,2018-06-26 02:53:49.088826+05:30,232,2018-06-26 02:53:49.088826+05:30,233,4882661984,f,
456,456,232,2018-06-26 02:59:24.658552+05:30,232,2018-06-26 02:59:24.658552+05:30,233,4994999999,f,
453,453,232,2018-06-26 02:55:25.355936+05:30,232,2018-06-26 02:55:25.355936+05:30,233,5994988588,f,
455,455,232,2018-06-26 02:53:51.396396+05:30,232,2018-06-26 02:53:51.396396+05:30,233,4998991664,f,
457,457,232,2018-06-26 18:22:52.261408+05:30,232,2018-06-26 18:22:52.261408+05:30,233,5556884568,f,
458,458,232,2018-06-26 18:24:25.214987+05:30,232,2018-06-26 18:24:25.214987+05:30,233,4569871239,f,
459,459,232,2018-06-26 18:53:13.277993+05:30,232,2018-06-26 18:53:13.277993+05:30,233,6548884234,f,
460,460,232,2018-06-26 18:54:42.636178+05:30,232,2018-06-26 18:54:42.636178+05:30,233,9632587418,f,
461,461,232,2018-06-26 18:56:31.341778+05:30,232,2018-06-26 18:56:31.341778+05:30,233,9463548899,f,
462,462,232,2018-06-26 18:58:29.70134+05:30,232,2018-06-26 18:58:29.70134+05:30,233,4966588163,f,
463,463,232,2018-06-26 19:00:18.630756+05:30,232,2018-06-26 19:00:18.630756+05:30,233,4668253199,f,
464,464,232,2018-06-26 19:01:58.474857+05:30,232,2018-06-26 19:01:58.474857+05:30,233,4996188887,f,
465,465,232,2018-06-26 19:03:40.351402+05:30,232,2018-06-26 19:03:40.351402+05:30,233,4995662331,f,
466,466,232,2018-06-26 19:05:33.336508+05:30,232,2018-06-26 19:05:33.336508+05:30,233,6488897964,f,
468,468,232,2018-06-26 19:08:53.126983+05:30,232,2018-06-26 19:08:53.126983+05:30,233,4687991338,f,
469,469,232,2018-06-26 19:10:36.667686+05:30,232,2018-06-26 19:10:36.667686+05:30,233,4667988133,f,
470,470,232,2018-06-26 19:12:32.27159+05:30,232,2018-06-26 19:12:32.27159+05:30,233,4687961358,f,
471,471,232,2018-06-26 19:15:17.34222+05:30,232,2018-06-26 19:15:17.34222+05:30,233,4669815236,f,
472,472,232,2018-06-26 19:18:56.893877+05:30,232,2018-06-26 19:18:56.893877+05:30,233,1457852999,f,
473,473,232,2018-06-26 19:21:57.767999+05:30,232,2018-06-26 19:21:57.767999+05:30,233,4997688133,f,
474,474,232,2018-06-26 19:24:23.028175+05:30,232,2018-06-26 19:24:23.028175+05:30,233,4697881633,f,
475,475,232,2018-06-26 19:26:13.729614+05:30,232,2018-06-26 19:26:13.729614+05:30,233,4688132889,f,
476,476,232,2018-06-26 19:27:38.822599+05:30,232,2018-06-26 19:27:38.822599+05:30,233,4987851358,f,
477,477,232,2018-06-26 19:29:00.750045+05:30,232,2018-06-26 19:29:00.750045+05:30,233,4998512555,f,
478,478,232,2018-06-26 19:32:34.15492+05:30,232,2018-06-26 19:32:34.15492+05:30,233,4667981854,f,
479,479,232,2018-06-26 19:33:57.814151+05:30,232,2018-06-26 19:33:57.814151+05:30,233,4887951355,f,
480,480,232,2018-06-26 19:35:03.755789+05:30,232,2018-06-26 19:35:03.755789+05:30,233,4997988453,f,
481,481,232,2018-06-26 19:36:30.037776+05:30,232,2018-06-26 19:36:30.037776+05:30,233,4688135889,f,
482,482,232,2018-06-26 19:37:42.366006+05:30,232,2018-06-26 19:37:42.366006+05:30,233,4999851355,f,
483,483,232,2018-06-26 19:39:00.304873+05:30,232,2018-06-26 19:39:00.304873+05:30,233,4887521335,f,
484,484,232,2018-06-26 19:40:25.619967+05:30,232,2018-06-26 19:40:25.619967+05:30,233,0548878513,f,
485,485,232,2018-06-26 20:18:32.646774+05:30,232,2018-06-26 20:18:32.646774+05:30,233,4988133645,f,
486,486,232,2018-06-26 20:19:42.364175+05:30,232,2018-06-26 20:19:42.364175+05:30,233,9498861335,f,
487,487,232,2018-06-26 19:36:56.221287+05:30,232,2018-06-26 19:36:56.221287+05:30,233,4999788166,f,
488,488,232,2018-06-26 20:21:37.569863+05:30,232,2018-06-26 20:21:37.569863+05:30,233,5844426996,f,
489,489,232,2018-06-26 20:23:32.452107+05:30,232,2018-06-26 20:23:32.452107+05:30,233,5587123399,f,
490,490,232,2018-06-26 20:24:37.996192+05:30,232,2018-06-26 20:24:37.996192+05:30,233,4588935548,f,
491,491,232,2018-06-26 20:26:04.435777+05:30,232,2018-06-26 20:26:04.435777+05:30,233,8554880085,f,
492,492,232,2018-06-26 20:27:23.284237+05:30,232,2018-06-26 20:27:23.284237+05:30,233,5147785223,f,
493,493,232,2018-06-26 20:28:26.152994+05:30,232,2018-06-26 20:28:26.152994+05:30,233,2507712669,f,
494,494,232,2018-06-26 20:30:06.413674+05:30,232,2018-06-26 20:30:06.413674+05:30,233,6998521777,f,
495,495,232,2018-06-26 20:32:01.597581+05:30,232,2018-06-26 20:32:01.597581+05:30,233,147822399,f,
496,496,232,2018-06-26 20:35:22.294304+05:30,232,2018-06-26 20:35:22.294304+05:30,233,3698521478,f,
497,497,232,2018-06-26 20:31:23.314685+05:30,232,2018-06-26 20:31:23.314685+05:30,233,2587413698,f,
498,498,232,2018-06-26 20:40:39.938924+05:30,232,2018-06-26 20:40:39.938924+05:30,233,1478523698,f,
499,499,232,2018-06-26 20:42:12.419144+05:30,232,2018-06-26 20:42:12.419144+05:30,233,3698521470,f,
500,500,232,2018-06-26 20:45:18.390185+05:30,232,2018-06-26 20:45:18.390185+05:30,233,1478523690,f,
501,501,232,2018-06-26 20:46:58.574516+05:30,232,2018-06-26 20:46:58.574516+05:30,233,0524589955,f,
502,502,232,2018-06-26 20:53:20.362507+05:30,232,2018-06-26 20:53:20.362507+05:30,233,258741369,f,
503,503,232,2018-06-26 21:06:22.631045+05:30,232,2018-06-26 21:06:22.631045+05:30,233,2587413690,f,
504,504,232,2018-06-26 21:02:22.216265+05:30,232,2018-06-26 21:02:22.216265+05:30,233,0541569875,f,
505,505,232,2018-06-26 21:13:55.855047+05:30,232,2018-06-26 21:13:55.855047+05:30,233,1478523690,f,
506,506,232,2018-06-27 01:34:54.053796+05:30,232,2018-06-27 01:34:54.053796+05:30,233,0852147966,f,
507,507,232,2018-06-27 01:36:34.648274+05:30,232,2018-06-27 01:36:34.648274+05:30,233,1478523690,f,
509,509,232,2018-06-27 01:44:39.219769+05:30,232,2018-06-27 01:44:39.219769+05:30,233,8054213648,f,
510,510,232,2018-06-27 01:51:06.4396+05:30,232,2018-06-27 01:51:06.4396+05:30,233,1478523695,f,
511,511,232,2018-06-27 01:58:00.61546+05:30,232,2018-06-27 01:58:00.61546+05:30,233,1478552369,f,
512,512,232,2018-06-27 02:01:27.561424+05:30,232,2018-06-27 02:01:27.561424+05:30,233,9632587410,f,
513,513,232,2018-06-27 01:24:36.083779+05:30,232,2018-06-27 01:24:36.083779+05:30,233,4781236987,f,
514,514,232,2018-06-27 02:07:48.665416+05:30,232,2018-06-27 02:07:48.665416+05:30,233,1478523697,f,
515,515,232,2018-06-27 02:14:00.733616+05:30,232,2018-06-27 02:14:00.733616+05:30,233,1478523690,f,
516,516,232,2018-06-27 02:16:18.481785+05:30,232,2018-06-27 02:16:18.481785+05:30,233,1478523698,f,
517,517,232,2018-06-27 02:19:34.406245+05:30,232,2018-06-27 02:19:34.406245+05:30,233,1478523687,f,
518,518,232,2018-06-27 02:22:53.704284+05:30,232,2018-06-27 02:22:53.704284+05:30,233,2587413698,f,
519,519,232,2018-06-27 02:17:10.154707+05:30,232,2018-06-27 02:17:10.154707+05:30,233,3698521470,f,
520,520,232,2018-06-27 02:31:26.434188+05:30,232,2018-06-27 02:31:26.434188+05:30,233,1478536984,f,
522,522,232,2018-06-27 02:37:30.216553+05:30,232,2018-06-27 02:37:30.216553+05:30,233,1478536998,f,
523,523,232,2018-06-27 02:40:28.061216+05:30,232,2018-06-27 02:40:28.061216+05:30,233,1478526605,f,
521,521,232,2018-06-27 02:34:56.728749+05:30,232,2018-07-06 06:10:13.602948+05:30,233,1478526680,f,
524,524,232,2018-07-17 03:26:10.072459+05:30,232,2018-07-17 03:26:10.072459+05:30,233,0548108587,f,
526,526,251,2018-08-06 15:19:54.530428+05:30,251,2018-08-06 15:19:54.530428+05:30,233,8523697410,f,
527,527,251,2018-08-06 15:26:14.691225+05:30,251,2018-08-06 15:26:14.691225+05:30,233,6575765765,f,
528,528,252,2018-08-20 15:24:11.086+05:30,252,2018-08-20 15:49:13.576998+05:30,233,8856995898,f,
529,529,318,2018-08-23 12:40:14.165285+05:30,318,2018-08-23 12:40:14.165285+05:30,254,9663524889,f,
530,530,318,2018-08-23 12:43:00.473029+05:30,318,2018-08-23 12:43:00.473029+05:30,254,655885558,f,
536,536,318,2018-08-23 15:26:36.56964+05:30,318,2018-08-23 15:26:36.56964+05:30,254,5635435369,f,
537,537,252,2018-08-23 16:03:27.778978+05:30,252,2018-08-23 16:03:27.778978+05:30,233,6865656646,f,
538,538,252,2018-08-23 16:04:55.01456+05:30,252,2018-08-23 16:04:55.01456+05:30,233,9595656565,f,
534,534,318,2018-08-23 12:50:10.996994+05:30,318,2018-08-30 11:24:47.615875+05:30,254,7259689187,t,
532,532,318,2018-08-23 12:48:14.397405+05:30,318,2018-08-23 12:48:14.397405+05:30,254,6632258741,t,
531,531,318,2018-08-23 12:44:10.4198+05:30,318,2018-08-23 12:44:10.4198+05:30,254,8622148933,t,
533,533,318,2018-08-23 12:49:11.635755+05:30,318,2018-08-28 13:02:31.291412+05:30,254,9632558741,t,
535,535,318,2018-08-23 12:51:10.670095+05:30,318,2018-08-23 12:51:10.670095+05:30,254,6258741266,t,
525,525,232,2018-07-17 13:46:30.884784+05:30,111,2018-08-31 11:24:31.832573+05:30,233,8355865735,f,
540,540,252,2018-08-27 12:08:32.375656+05:30,252,2018-08-27 12:41:18.751609+05:30,233,6565659889,f,
539,539,252,2018-08-24 08:11:36.077019+05:30,252,2018-08-27 12:41:56.240179+05:30,233,5582728986,f,
568,568,252,2018-08-30 13:00:21.214352+05:30,252,2018-08-30 13:00:21.214352+05:30,233,6577657657,f,
577,577,356,2018-08-30 15:54:20.859313+05:30,356,2018-08-30 15:55:15.624498+05:30,254,1593742860,t,
541,541,252,2018-08-27 12:43:05.028941+05:30,252,2018-08-27 13:15:19.796538+05:30,233,6565689898,f,
569,569,318,2018-08-30 14:42:36.857411+05:30,318,2018-08-30 14:56:59.968173+05:30,254,8564093214,t,
572,572,343,2018-08-30 15:26:13.49808+05:30,343,2018-08-30 16:02:09.532269+05:30,254,1593742860,f,
570,570,318,2018-08-30 14:58:55.769353+05:30,318,2018-08-30 15:00:38.930842+05:30,254,8564093214,t,
553,553,318,2018-08-30 11:38:09.255382+05:30,318,2018-08-30 11:55:04.629524+05:30,254,7259689187,t,
567,567,318,2018-08-30 12:50:18.628973+05:30,318,2018-08-30 12:50:18.628973+05:30,254,6577572475,t,
566,566,318,2018-08-30 12:43:51.089274+05:30,318,2018-08-30 12:47:16.806543+05:30,254,3885324242,t,
544,544,327,2018-08-27 14:02:20.973971+05:30,327,2018-08-27 14:02:46.968957+05:30,233,2568688686,f,
564,564,318,2018-08-30 12:37:54.47072+05:30,318,2018-08-30 12:37:54.47072+05:30,254,3858565726,t,
542,542,252,2018-08-27 13:22:32.601684+05:30,251,2018-08-27 15:30:51.768943+05:30,233,1234567890,f,
545,545,232,2018-08-28 00:35:10.475237+05:30,232,2018-08-28 00:35:10.475237+05:30,233,0247775121,f,
546,546,232,2018-08-28 00:55:04.759228+05:30,232,2018-08-28 00:55:04.759228+05:30,233,0548108587,f,
467,467,232,2018-06-26 19:06:44.401172+05:30,232,2018-08-28 01:39:43.742917+05:30,233,4966328848,f,
560,560,318,2018-08-30 12:20:42.625115+05:30,318,2018-08-30 12:20:42.625115+05:30,254,8867766553,t,
552,552,318,2018-08-30 09:10:32.029326+05:30,318,2018-08-30 09:10:32.029326+05:30,254,8523697412,t,
549,549,318,2018-08-29 10:50:06.131888+05:30,318,2018-08-29 10:50:06.131888+05:30,254,5652221275,t,
558,558,318,2018-08-30 12:01:37.994451+05:30,318,2018-08-30 12:01:37.994451+05:30,254,4234234234,t,
596,596,394,2018-09-03 17:51:41.538267+05:30,394,2018-09-03 17:51:41.538267+05:30,254,1593742860,f,
548,548,335,2018-08-29 09:57:59.361988+05:30,335,2018-08-29 09:57:59.361988+05:30,233,0248558866,f,
550,550,252,2018-08-29 09:39:11.198135+05:30,252,2018-08-29 09:39:11.198135+05:30,233,4415555555,f,
565,565,318,2018-08-30 12:39:03.349963+05:30,318,2018-08-30 12:39:03.349963+05:30,254,1258746390,t,
578,578,343,2018-08-30 16:04:09.670406+05:30,343,2018-08-30 16:04:53.97178+05:30,254,9638527410,f,
554,554,318,2018-08-30 11:52:31.98343+05:30,318,2018-08-30 11:52:52.415881+05:30,254,1258746390,t,
571,571,343,2018-08-30 15:17:16.98206+05:30,343,2018-08-30 15:18:09.734862+05:30,233,6666666666,f,
588,588,356,2018-08-31 15:34:56.98634+05:30,356,2018-08-31 15:40:33.21346+05:30,254,3555542275,f,
584,584,111,2018-08-31 12:26:02.957691+05:30,111,2018-08-31 12:30:11.535755+05:30,233,7537654525,f,
556,556,318,2018-08-30 11:56:38.367195+05:30,318,2018-08-30 12:00:24.712231+05:30,254,8585858880,t,
557,557,318,2018-08-30 12:01:34.621975+05:30,318,2018-08-30 12:07:17.739242+05:30,254,8855698741,t,
559,559,318,2018-08-30 12:09:38.624901+05:30,318,2018-08-30 12:09:38.624901+05:30,254,8523697445,t,
561,561,318,2018-08-30 12:24:16.383345+05:30,318,2018-08-30 12:27:08.538467+05:30,254,7259689187,t,
562,562,318,2018-08-30 12:31:58.940305+05:30,318,2018-08-30 12:31:58.940305+05:30,254,9632587410,t,
555,555,318,2018-08-30 11:53:59.756224+05:30,318,2018-08-30 12:29:23.101302+05:30,254,1258746390,t,
563,563,318,2018-08-30 12:34:00.223391+05:30,318,2018-08-30 12:34:00.223391+05:30,254,9632587415,t,
585,585,111,2018-08-31 12:34:17.956936+05:30,111,2018-08-31 12:40:14.396577+05:30,233,8523697412,f,
543,543,327,2018-08-27 13:54:37.68364+05:30,327,2018-08-31 16:01:42.525386+05:30,233,4397483256,f,
508,508,232,2018-06-27 01:39:05.574128+05:30,111,2018-08-30 18:22:34.369919+05:30,233,0852147963,f,
575,575,356,2018-08-30 15:41:52.725249+05:30,356,2018-08-30 15:43:44.556432+05:30,254,1593742860,t,
574,574,356,2018-08-30 15:37:35.753703+05:30,356,2018-08-30 15:38:39.591861+05:30,254,1593742860,t,
573,573,356,2018-08-30 15:35:36.534773+05:30,356,2018-08-30 15:37:55.435093+05:30,254,1593742860,t,
600,600,393,2018-09-04 10:59:52.72116+05:30,393,2018-09-04 11:00:36.042266+05:30,254,2345678906,t,
590,590,356,2018-09-03 14:32:45.731279+05:30,356,2018-09-03 17:26:05.818587+05:30,254,1236547890,f,
576,576,356,2018-08-30 15:51:40.494621+05:30,356,2018-08-30 15:53:36.886451+05:30,254,1593742860,t,
586,586,111,2018-08-31 14:44:29.451293+05:30,111,2018-08-31 14:59:57.736231+05:30,233,5786576544,f,
579,579,111,2018-08-31 10:55:55.208147+05:30,111,2018-08-31 10:56:27.296553+05:30,233,5775665755,f,
597,597,394,2018-09-03 17:53:50.249434+05:30,394,2018-09-04 10:35:20.738669+05:30,254,1236547890,f,
580,580,111,2018-08-31 10:57:43.567069+05:30,111,2018-08-31 10:59:20.926737+05:30,233,8523697410,f,
416,416,232,2018-06-25 01:07:08.705445+05:30,111,2018-08-31 11:02:04.115137+05:30,233,1234567890,f,
581,581,111,2018-08-31 11:27:06.195693+05:30,111,2018-08-31 11:33:35.594995+05:30,233,6541239870,f,
582,582,111,2018-08-31 11:34:45.94161+05:30,111,2018-08-31 12:13:04.986695+05:30,233,7565675675,f,
583,583,111,2018-08-31 12:17:31.065196+05:30,111,2018-08-31 12:19:05.286085+05:30,233,8523697410,f,
605,605,356,2018-09-05 10:39:12.481998+05:30,356,2018-12-10 13:24:27.674123+05:30,254,8555552214,f,
601,601,394,2018-09-04 11:41:41.704166+05:30,394,2018-09-19 16:07:22.449098+05:30,254,1236547890,f,
603,603,394,2018-09-04 15:52:22.121567+05:30,394,2018-09-05 14:41:00.224921+05:30,254,3562322345,f,
599,599,356,2018-09-04 10:36:30.781992+05:30,356,2018-09-04 11:24:54.463458+05:30,254,2345678906,t,
598,598,356,2018-09-04 10:02:21.859052+05:30,356,2018-09-04 10:02:21.859052+05:30,254,8523697418,t,
591,591,394,2018-09-03 14:39:42.558488+05:30,394,2018-09-03 17:35:52.22523+05:30,254,1236547890,f,
592,592,356,2018-09-03 17:23:43.094289+05:30,356,2018-09-03 17:50:16.364344+05:30,254,1593742860,t,
593,593,356,2018-09-03 17:24:53.661397+05:30,356,2018-09-03 17:30:49.973486+05:30,254,1236547890,t,
589,589,356,2018-08-31 15:57:14.786865+05:30,356,2018-09-03 17:32:26.779597+05:30,254,1236547890,t,
594,594,394,2018-09-03 17:44:04.002464+05:30,394,2018-09-03 17:44:04.002464+05:30,254,8523697410,f,
595,595,394,2018-09-03 17:45:00.02357+05:30,394,2018-09-03 17:45:00.02357+05:30,254,9558874298,f,
587,587,356,2018-08-31 15:30:59.050078+05:30,356,2018-08-31 15:32:49.959099+05:30,254,566432265,t,
602,602,356,2018-09-04 15:23:05.945985+05:30,356,2018-09-04 15:23:05.945985+05:30,254,2345678906,f,
607,607,335,2018-09-05 14:42:40.469955+05:30,335,2018-09-05 14:42:40.469955+05:30,233,9940404361,f,
606,606,356,2018-09-05 10:41:14.944135+05:30,356,2018-09-05 10:41:31.255996+05:30,254,8523697410,f,
362,362,253,2018-05-30 12:04:32.205224+05:30,253,2018-09-05 14:58:46.061368+05:30,91,7259689187,f,
346,346,253,2018-05-30 10:27:41.292573+05:30,253,2018-09-05 14:47:47.832816+05:30,254,3562322345,f,
604,604,356,2018-09-05 10:35:51.673477+05:30,356,2018-09-05 15:46:05.670439+05:30,254,8523697410,t,
609,609,356,2018-09-05 15:47:34.477392+05:30,356,2018-09-05 15:51:05.658976+05:30,254,8523697410,f,
610,610,356,2018-09-05 16:04:36.721296+05:30,356,2018-09-05 16:04:36.721296+05:30,254,8523697410,f,
611,611,335,2018-09-05 23:56:22.218121+05:30,335,2018-09-05 23:56:22.218121+05:30,233,7639540205,f,
170,170,161,2018-04-19 13:03:25.244011+05:30,161,2018-09-06 11:49:41.53336+05:30,91,4246759759,f,
612,612,335,2018-09-06 20:45:36.003489+05:30,335,2018-09-06 21:39:01.781586+05:30,233,0541609869,f,
613,613,335,2018-09-07 00:12:10.228954+05:30,335,2018-09-07 00:12:10.228954+05:30,233,0548108587,f,
614,614,335,2018-09-07 00:18:37.713878+05:30,335,2018-09-07 00:18:37.713878+05:30,233,0244696339,f,
615,615,335,2018-09-07 00:28:27.538644+05:30,335,2018-09-07 00:28:27.538644+05:30,233,0247775121,f,
616,616,335,2018-09-07 00:33:29.254915+05:30,335,2018-09-07 00:38:06.80047+05:30,233,0247775124,f,
617,617,335,2018-09-07 00:48:33.011571+05:30,335,2018-09-07 00:48:33.011571+05:30,233,5555555555,f,
618,618,356,2018-09-07 14:48:06.942836+05:30,356,2018-09-07 14:50:03.576409+05:30,254,5553735835,f,
619,619,356,2018-09-07 15:04:12.551205+05:30,356,2018-09-07 15:04:12.551205+05:30,254,7358373335,f,
620,620,335,2018-09-10 14:37:25.365247+05:30,335,2018-09-10 14:37:25.365247+05:30,233,0544488977,t,
621,621,335,2018-09-10 14:43:28.85917+05:30,335,2018-09-10 14:43:28.85917+05:30,233,0544488977,f,
622,622,335,2018-09-10 14:53:03.912005+05:30,335,2018-09-10 14:53:03.912005+05:30,233,0544488977,f,
623,623,335,2018-09-10 14:56:43.411657+05:30,335,2018-09-10 14:56:43.411657+05:30,233,5555555555,f,
624,624,335,2018-09-10 15:00:08.182757+05:30,335,2018-09-10 15:00:08.182757+05:30,233,0852369741,f,
625,625,335,2018-09-10 15:02:08.209233+05:30,335,2018-09-10 15:02:08.209233+05:30,233,0822147963,f,
626,626,335,2018-09-10 15:04:30.87582+05:30,335,2018-09-10 15:04:30.87582+05:30,233,0852147963,f,
627,627,335,2018-09-10 15:06:29.012208+05:30,335,2018-09-10 15:06:29.012208+05:30,233,8852147963,f,
628,628,335,2018-09-10 15:08:44.067945+05:30,335,2018-09-10 15:08:44.067945+05:30,233,3698221475,f,
441,441,232,2018-06-26 02:29:16.990905+05:30,232,2019-04-26 19:19:47.849763+05:30,233,1234567890,f,
629,629,335,2018-09-10 16:15:10.416086+05:30,335,2018-09-10 16:15:10.416086+05:30,233,852369741,f,
630,630,335,2018-09-10 16:16:34.855058+05:30,335,2018-09-10 16:16:34.855058+05:30,233,147852369,f,
631,631,335,2018-09-10 16:18:01.94296+05:30,335,2018-09-10 16:18:01.94296+05:30,233,369852147,f,
632,632,335,2018-09-10 16:19:09.797343+05:30,335,2018-09-10 16:19:09.797343+05:30,233,258741369,f,
633,633,335,2018-09-10 16:21:49.824928+05:30,335,2018-09-10 16:21:49.824928+05:30,233,258741369,f,
634,634,335,2018-09-10 16:22:46.913472+05:30,335,2018-09-10 16:22:46.913472+05:30,233,147852399,f,
635,635,335,2018-09-10 16:24:02.91619+05:30,335,2018-09-10 16:24:02.91619+05:30,233,258441369,f,
636,636,335,2018-09-10 16:27:05.298238+05:30,335,2018-09-10 16:27:05.298238+05:30,233,369852147,f,
637,637,335,2018-09-10 16:29:18.684102+05:30,335,2018-09-10 16:29:18.684102+05:30,233,369852147,f,
638,638,335,2018-09-10 16:30:27.797659+05:30,335,2018-09-10 16:30:27.797659+05:30,233,1236985478,f,
639,639,335,2018-09-10 16:31:53.620809+05:30,335,2018-09-10 16:31:53.620809+05:30,233,2587413698,f,
640,640,335,2018-09-10 16:35:37.651265+05:30,335,2018-09-10 16:35:37.651265+05:30,233,147852369,f,
641,641,335,2018-09-10 17:51:06.231956+05:30,335,2018-09-10 17:51:06.231956+05:30,233,147852369,f,
642,642,335,2018-09-10 17:52:37.722372+05:30,335,2018-09-10 17:52:37.722372+05:30,233,258963147,f,
643,643,335,2018-09-10 17:54:02.6016+05:30,335,2018-09-10 17:54:02.6016+05:30,233,147852369,f,
644,644,335,2018-09-10 17:55:42.25895+05:30,335,2018-09-10 17:55:42.25895+05:30,233,258741369,f,
645,645,335,2018-09-10 17:56:50.229935+05:30,335,2018-09-10 17:56:50.229935+05:30,233,369852147,f,
646,646,335,2018-09-10 18:00:07.412474+05:30,335,2018-09-10 18:00:07.412474+05:30,233,369852147,f,
647,647,335,2018-09-10 18:01:27.736579+05:30,335,2018-09-10 18:01:27.736579+05:30,233,369852177,f,
648,648,335,2018-09-10 18:02:37.790959+05:30,335,2018-09-10 18:02:37.790959+05:30,233,147852369,f,
649,649,335,2018-09-10 18:04:37.715353+05:30,335,2018-09-10 18:04:37.715353+05:30,233,147852369,f,
650,650,335,2018-09-10 18:09:31.01463+05:30,335,2018-09-10 18:09:31.01463+05:30,233,369852147,f,
651,651,335,2018-09-10 18:10:57.321975+05:30,335,2018-09-10 18:10:57.321975+05:30,233,258741369,f,
652,652,335,2018-09-10 18:13:24.808855+05:30,335,2018-09-10 18:13:24.808855+05:30,233,369852147,f,
653,653,335,2018-09-10 18:14:58.205252+05:30,335,2018-09-10 18:14:58.205252+05:30,233,369852147,f,
654,654,335,2018-09-10 18:16:26.490806+05:30,335,2018-09-10 18:16:26.490806+05:30,233,369852147,f,
655,655,335,2018-09-10 18:18:18.26938+05:30,335,2018-09-10 18:18:18.26938+05:30,233,147852369,f,
656,656,335,2018-09-10 18:19:45.618581+05:30,335,2018-09-10 18:19:45.618581+05:30,233,1778526999,f,
657,657,335,2018-09-10 18:23:54.933785+05:30,335,2018-09-10 18:23:54.933785+05:30,233,369852147,f,
658,658,335,2018-09-10 18:27:27.083312+05:30,335,2018-09-10 18:27:27.083312+05:30,233,147852369,f,
659,659,335,2018-09-10 18:29:01.474326+05:30,335,2018-09-10 18:29:01.474326+05:30,233,147852369,f,
660,660,335,2018-09-10 18:30:54.460314+05:30,335,2018-09-10 18:30:54.460314+05:30,233,147852369,f,
661,661,335,2018-09-10 18:33:33.415298+05:30,335,2018-09-10 18:33:33.415298+05:30,233,147852369,f,
662,662,335,2018-09-10 18:35:07.863071+05:30,335,2018-09-10 18:35:07.863071+05:30,233,3698521470,f,
663,663,335,2018-09-10 18:36:57.632116+05:30,335,2018-09-10 18:36:57.632116+05:30,233,147852369,f,
664,664,335,2018-09-10 18:38:21.811747+05:30,335,2018-09-10 18:38:21.811747+05:30,233,1478523966,f,
665,665,335,2018-09-10 18:39:45.964448+05:30,335,2018-09-10 18:39:45.964448+05:30,233,3698521470,f,
666,666,335,2018-09-10 18:44:24.93178+05:30,335,2018-09-10 18:44:24.93178+05:30,233,1478523690,f,
667,667,335,2018-09-10 18:44:41.989379+05:30,335,2018-09-10 18:44:41.989379+05:30,233,1478523699,f,
668,668,335,2018-09-10 18:48:56.341097+05:30,335,2018-09-10 18:49:17.139256+05:30,233,1478523690,f,
669,669,335,2018-09-10 18:55:22.60284+05:30,335,2018-09-10 18:55:22.60284+05:30,233,1478523690,f,
670,670,335,2018-09-10 18:58:09.574442+05:30,335,2018-09-10 18:58:09.574442+05:30,233,3698521470,f,
671,671,335,2018-09-10 19:36:31.336547+05:30,335,2018-09-10 19:36:31.336547+05:30,233,2887413690,f,
672,672,335,2018-09-10 19:37:42.662174+05:30,335,2018-09-10 19:37:42.662174+05:30,233,1478523690,f,
673,673,335,2018-09-10 19:38:54.453003+05:30,335,2018-09-10 19:38:54.453003+05:30,233,1478523690,f,
674,674,335,2018-09-10 19:41:51.793096+05:30,335,2018-09-10 19:41:51.793096+05:30,233,2587413690,f,
675,675,335,2018-09-10 19:42:56.36214+05:30,335,2018-09-10 19:42:56.36214+05:30,233,145932789,f,
676,676,335,2018-09-10 19:45:02.775659+05:30,335,2018-09-10 19:45:02.775659+05:30,233,1478523690,f,
678,678,335,2018-09-10 19:49:31.239228+05:30,335,2018-09-10 19:49:31.239228+05:30,233,3698521470,f,
679,679,335,2018-09-10 19:52:18.923061+05:30,335,2018-09-10 19:52:18.923061+05:30,233,1478523690,f,
680,680,335,2018-09-10 19:55:17.511259+05:30,335,2018-09-10 19:55:17.511259+05:30,233,1478523690,f,
681,681,335,2018-09-10 19:57:20.680131+05:30,335,2018-09-10 19:57:20.680131+05:30,233,1478523690,f,
682,682,335,2018-09-10 19:59:00.211969+05:30,335,2018-09-10 19:59:00.211969+05:30,233,1478523690,f,
684,684,335,2018-09-10 20:07:19.069598+05:30,335,2018-09-10 20:07:19.069598+05:30,233,1478523690,f,
686,686,335,2018-09-10 20:11:29.959327+05:30,335,2018-09-10 20:11:29.959327+05:30,233,3698524470,f,
687,687,335,2018-09-10 20:13:36.055641+05:30,335,2018-09-10 20:13:36.055641+05:30,233,1478523690,f,
697,697,335,2018-09-10 20:53:26.106578+05:30,335,2018-09-10 20:53:26.106578+05:30,233,1478223690,f,
701,701,335,2018-09-10 21:02:26.452192+05:30,335,2018-09-10 21:02:26.452192+05:30,233,1478523690,f,
688,688,335,2018-09-10 20:19:55.563935+05:30,335,2018-09-10 20:19:55.563935+05:30,233,3698521770,f,
700,700,335,2018-09-10 21:00:33.963106+05:30,335,2018-09-10 21:00:33.963106+05:30,233,1478523690,f,
689,689,335,2018-09-10 20:23:47.863606+05:30,335,2018-09-10 20:23:47.863606+05:30,233,1478523690,f,
695,695,335,2018-09-10 20:48:46.735484+05:30,335,2018-09-10 20:48:46.735484+05:30,233,1478523690,f,
690,690,335,2018-09-10 20:22:26.236171+05:30,335,2018-09-10 20:22:26.236171+05:30,233,1478523690,f,
698,698,335,2018-09-10 20:55:11.943579+05:30,335,2018-09-10 20:55:11.943579+05:30,233,1778523909,f,
691,691,335,2018-09-10 20:31:48.223313+05:30,335,2018-09-10 20:31:48.223313+05:30,233,1478523690,f,
692,692,335,2018-09-10 20:37:39.876959+05:30,335,2018-09-10 20:37:39.876959+05:30,233,3698521470,f,
696,696,335,2018-09-10 20:51:56.832667+05:30,335,2018-09-10 20:51:56.832667+05:30,233,1478523690,f,
702,702,335,2018-09-10 21:03:47.888063+05:30,335,2018-09-10 21:03:47.888063+05:30,233,2587413690,f,
694,694,335,2018-09-10 20:43:45.672723+05:30,335,2018-09-10 20:43:45.672723+05:30,233,1478523690,f,
699,699,335,2018-09-10 20:58:38.771225+05:30,335,2018-09-10 20:58:38.771225+05:30,233,1478523690,f,
703,703,335,2018-09-10 21:06:43.544067+05:30,335,2018-09-10 21:06:43.544067+05:30,233,1478523690,f,
704,704,394,2018-09-14 11:27:10.912666+05:30,394,2018-09-14 11:27:10.912666+05:30,254,8523697410,f,
705,705,455,2018-11-29 13:06:30.668339+05:30,455,2018-11-29 13:12:45.077613+05:30,91,4543465636,f,
706,706,455,2018-11-29 13:30:26.819991+05:30,455,2018-11-29 13:30:26.819991+05:30,233,8523697410,f,
708,708,455,2018-11-29 14:21:41.899269+05:30,455,2018-11-29 14:21:41.899269+05:30,233,5582457789,f,
709,709,459,2018-11-29 15:15:31.449959+05:30,459,2018-11-29 15:15:31.449959+05:30,91,6363604223,f,
710,710,459,2018-11-29 15:27:24.724347+05:30,459,2018-11-29 15:27:24.724347+05:30,91,7259689187,f,
711,711,455,2018-12-04 14:33:55.725169+05:30,455,2018-12-04 14:33:55.725169+05:30,233,7657685656,f,
707,707,455,2018-11-29 13:31:54.082354+05:30,455,2018-12-04 14:41:07.18909+05:30,233,1236547890,f,
712,712,455,2018-12-04 16:03:35.263076+05:30,455,2018-12-04 16:03:35.263076+05:30,233,123456789,f,
713,713,251,2018-12-06 21:37:15.716818+05:30,251,2018-12-06 21:37:15.716818+05:30,233,5365805556,f,
715,715,475,2018-12-10 13:32:37.649816+05:30,475,2018-12-10 13:38:13.563459+05:30,91,9663025845,f,
716,716,475,2018-12-10 15:22:32.913002+05:30,475,2018-12-10 15:49:01.343581+05:30,91,123456789,f,
693,693,335,2018-09-10 20:40:13.479932+05:30,335,2019-02-10 23:32:40.00613+05:30,233,1478523690,f,
685,685,335,2018-09-10 20:09:57.799686+05:30,335,2019-02-12 12:21:22.966608+05:30,233,1478523690,f,
677,677,335,2018-09-10 19:47:47.344575+05:30,335,2019-02-12 14:48:40.524213+05:30,233,1478523905,f,
714,714,335,2018-12-07 13:46:18.712311+05:30,335,2018-12-24 22:27:20.244869+05:30,233,4598856656,f,
718,718,479,2018-12-26 14:37:57.955289+05:30,479,2018-12-26 14:37:57.955289+05:30,233,7555857355,f,
719,719,479,2018-12-26 14:46:26.025809+05:30,479,2018-12-26 14:46:26.025809+05:30,233,7685525726,f,
720,720,479,2018-12-26 19:19:00.935491+05:30,479,2018-12-26 19:19:00.935491+05:30,233,6556565998,f,
721,721,455,2019-01-04 12:45:25.174581+05:30,455,2019-01-04 12:45:25.174581+05:30,233,9952887412,f,
722,722,455,2019-01-04 12:52:29.000024+05:30,455,2019-01-04 12:52:29.000024+05:30,233,123456789,f,
723,723,455,2019-01-04 12:56:19.157928+05:30,455,2019-01-04 12:56:19.157928+05:30,233,8552170099,f,
724,724,455,2019-01-07 15:47:05.385014+05:30,455,2019-01-07 15:47:05.385014+05:30,233,123456789,f,
725,725,232,2019-01-10 13:50:44.573986+05:30,232,2019-01-10 13:50:44.573986+05:30,233,1231455989,f,
726,726,455,2019-01-16 12:24:32.780212+05:30,455,2019-01-16 12:24:32.780212+05:30,233,123456789,f,
727,727,455,2019-01-24 15:54:07.568491+05:30,455,2019-01-24 15:54:07.568491+05:30,233,8523690741,f,
728,728,455,2019-01-24 17:23:16.503876+05:30,455,2019-01-24 17:23:16.503876+05:30,233,7259689187,f,
729,729,455,2019-01-25 13:08:30.139629+05:30,455,2019-01-25 13:08:30.139629+05:30,233,7259689187,f,
730,730,455,2019-01-25 13:11:40.956299+05:30,455,2019-01-25 13:11:40.956299+05:30,233,7259689187,f,
731,731,455,2019-01-25 13:14:25.980041+05:30,455,2019-01-25 13:14:25.980041+05:30,233,6558963321,f,
732,732,455,2019-01-25 13:22:13.125809+05:30,455,2019-01-25 13:22:13.125809+05:30,233,7259689187,f,
733,733,455,2019-01-25 13:27:08.20865+05:30,455,2019-01-25 13:27:08.20865+05:30,233,7259689187,f,
734,734,455,2019-01-27 15:58:10.085092+05:30,455,2019-01-27 15:58:10.085092+05:30,233,7259689187,f,
735,735,455,2019-01-27 16:16:11.50984+05:30,455,2019-01-27 16:16:11.50984+05:30,233,5655884445,f,
736,736,455,2019-01-27 16:20:14.52492+05:30,455,2019-01-27 16:20:14.52492+05:30,233,7259689187,f,
737,737,455,2019-01-27 16:25:44.959854+05:30,455,2019-01-27 16:25:44.959854+05:30,233,7259689187,f,
738,738,455,2019-01-29 12:51:40.219861+05:30,455,2019-01-29 12:51:40.219861+05:30,233,7259689187,f,
739,739,455,2019-01-29 15:01:30.354925+05:30,455,2019-01-29 15:01:30.354925+05:30,233,7259689187,f,
740,740,455,2019-01-30 12:10:54.408177+05:30,455,2019-01-30 12:10:54.408177+05:30,233,7259689187,f,
741,741,455,2019-01-30 14:45:44.997881+05:30,455,2019-01-30 14:45:44.997881+05:30,233,7259689187,f,
742,742,455,2019-01-30 14:53:07.631817+05:30,455,2019-01-30 14:53:07.631817+05:30,233,7259689187,f,
743,743,455,2019-02-01 16:31:37.026254+05:30,455,2019-02-01 16:31:37.026254+05:30,233,8523697410,f,
744,744,455,2019-02-01 16:34:20.245274+05:30,455,2019-02-01 16:34:20.245274+05:30,233,9523687418,f,
745,745,455,2019-02-01 17:18:24.088499+05:30,455,2019-02-01 17:18:24.088499+05:30,233,7259689187,f,
746,746,455,2019-02-04 11:59:08.391154+05:30,455,2019-02-04 11:59:08.391154+05:30,233,7259689187,f,
747,747,455,2019-02-04 12:04:12.151325+05:30,455,2019-02-04 12:04:12.151325+05:30,233,7259689187,f,
748,748,455,2019-02-04 12:15:10.077847+05:30,455,2019-02-04 12:15:10.077847+05:30,233,7259689187,f,
749,749,455,2019-02-04 12:18:36.78793+05:30,455,2019-02-04 12:18:36.78793+05:30,233,7259689187,f,
750,750,455,2019-02-04 12:28:05.920089+05:30,455,2019-02-04 12:28:05.920089+05:30,233,7259689187,f,
751,751,335,2019-02-07 15:09:31.460377+05:30,335,2019-02-07 15:09:31.460377+05:30,233,7555856869,f,
752,752,232,2019-02-07 18:37:54.448071+05:30,232,2019-02-07 18:42:33.949677+05:30,233,4225758566,f,
753,753,232,2019-02-07 19:18:05.873794+05:30,232,2019-02-07 19:18:05.873794+05:30,233,4722272550,f,
754,754,111,2019-02-08 12:25:41.652015+05:30,111,2019-02-08 12:25:41.652015+05:30,233,5656565656,f,
772,772,335,2019-02-12 16:07:03.744245+05:30,335,2019-02-12 16:07:03.744245+05:30,233,4525685686,f,
755,755,232,2019-02-08 16:17:07.645131+05:30,232,2019-02-08 16:25:59.865961+05:30,233,7156560505,f,
183,183,232,2018-05-24 18:54:39.796733+05:30,232,2019-02-09 02:54:42.902595+05:30,233,8585852588,f,
226,226,232,2018-05-26 17:30:19.688721+05:30,232,2019-02-09 02:56:43.938671+05:30,233,0244145696,f,
403,403,232,2018-06-15 12:33:47.051268+05:30,232,2019-02-09 03:01:54.021938+05:30,233,0242823459,f,
756,756,232,2019-02-09 03:04:17.3826+05:30,232,2019-02-09 03:04:17.3826+05:30,233,1234567890,f,
717,717,335,2018-12-24 21:25:26.188886+05:30,335,2019-02-09 21:24:52.170633+05:30,233,0242823459,f,
757,757,335,2019-02-10 23:22:07.49337+05:30,335,2019-02-10 23:22:07.49337+05:30,233,0247775121,f,
758,758,335,2019-02-11 00:19:57.56752+05:30,335,2019-02-11 00:19:57.56752+05:30,233,1472583399,f,
780,780,502,2019-02-13 13:39:11.176092+05:30,502,2019-02-13 13:39:11.176092+05:30,233,6595959895,f,
608,608,335,2018-09-05 14:45:09.011317+05:30,335,2019-02-11 18:11:27.764607+05:30,233,5556669996,f,
760,760,335,2019-02-11 04:07:37.291898+05:30,335,2019-02-11 04:17:27.759917+05:30,233,0541609869,f,
759,759,335,2019-02-11 04:03:10.835085+05:30,335,2019-02-11 04:20:01.704441+05:30,233,0541609869,f,
767,767,335,2019-02-11 16:45:56.650076+05:30,335,2019-02-12 00:25:47.013333+05:30,233,7450560056,f,
762,762,335,2019-02-11 07:31:44.741793+05:30,335,2019-02-11 07:31:44.741793+05:30,233,7889455666,f,
683,683,335,2018-09-10 20:03:52.901696+05:30,335,2019-02-12 12:38:10.297731+05:30,233,1478523690,f,
773,773,511,2019-02-12 16:56:48.483748+05:30,511,2019-02-12 16:56:48.483748+05:30,233,0244145696,f,
766,766,335,2019-02-11 16:03:37.145159+05:30,335,2019-02-12 01:35:25.225178+05:30,233,0548108587,f,
768,768,335,2019-02-12 01:24:44.869181+05:30,335,2019-02-12 01:35:44.421621+05:30,233,0244145696,f,
764,764,335,2019-02-11 15:56:21.838565+05:30,335,2019-02-11 15:56:21.838565+05:30,233,0541609869,f,
775,775,511,2019-02-12 17:05:30.484962+05:30,511,2019-02-12 17:05:30.484962+05:30,233,0507572748,f,
765,765,335,2019-02-11 16:01:48.610368+05:30,335,2019-02-11 16:01:48.610368+05:30,233,5575828358,f,
776,776,511,2019-02-13 01:01:48.226682+05:30,511,2019-02-13 01:01:48.226682+05:30,233,0540407004,f,
794,794,511,2019-02-13 16:41:03.5603+05:30,511,2019-02-13 16:41:03.5603+05:30,233,2587113699,f,
761,761,335,2019-02-11 04:10:59.027727+05:30,335,2019-02-12 01:39:57.520022+05:30,233,0541609869,f,
777,777,511,2019-02-13 02:01:59.164656+05:30,511,2019-02-13 02:01:59.164656+05:30,233,0246543282,f,
770,770,335,2019-02-12 11:34:30.83745+05:30,335,2019-02-12 13:03:51.910211+05:30,233,0541609869,f,
547,547,335,2018-08-29 09:42:51.2921+05:30,335,2019-02-12 02:07:08.870146+05:30,233,0335846794,f,
781,781,502,2019-02-13 13:40:47.207637+05:30,502,2019-02-13 13:40:47.207637+05:30,233,9898986868,f,
782,782,502,2019-02-13 13:42:35.188493+05:30,502,2019-02-13 13:42:35.188493+05:30,233,9898956556,f,
783,783,502,2019-02-13 13:45:13.462063+05:30,502,2019-02-13 13:45:13.462063+05:30,233,9898989868,f,
551,551,335,2018-08-29 20:45:11.362992+05:30,335,2019-02-12 13:49:02.19713+05:30,233,1234567890,f,
771,771,335,2019-02-12 15:26:16.974434+05:30,335,2019-02-12 15:26:16.974434+05:30,233,7257568668,f,
774,774,511,2019-02-12 17:01:09.508288+05:30,511,2019-02-13 10:35:11.729896+05:30,233,0241165181,f,
778,778,502,2019-02-13 12:32:54.37931+05:30,502,2019-02-13 12:32:54.37931+05:30,233,9999999999,f,
779,779,502,2019-02-13 13:35:41.920043+05:30,502,2019-02-13 13:35:41.920043+05:30,233,2222222222,f,
784,784,502,2019-02-13 13:49:38.075537+05:30,502,2019-02-13 13:49:38.075537+05:30,233,9898686865,f,
785,785,502,2019-02-13 13:51:10.673229+05:30,502,2019-02-13 13:51:10.673229+05:30,233,9898686595,f,
786,786,502,2019-02-13 13:53:31.740152+05:30,502,2019-02-13 13:53:31.740152+05:30,233,5659989868,f,
787,787,502,2019-02-13 13:55:03.921152+05:30,502,2019-02-13 13:55:03.921152+05:30,233,6889355698,f,
788,788,502,2019-02-13 13:57:08.116348+05:30,502,2019-02-13 13:57:08.116348+05:30,233,9859565659,f,
789,789,502,2019-02-13 13:59:29.564833+05:30,502,2019-02-13 13:59:29.564833+05:30,233,8990656565,f,
790,790,502,2019-02-13 14:03:25.665971+05:30,502,2019-02-13 14:03:25.665971+05:30,233,9898656909,f,
791,791,502,2019-02-13 14:05:30.813833+05:30,502,2019-02-13 14:05:30.813833+05:30,233,8886656265,f,
792,792,502,2019-02-13 14:07:01.652462+05:30,502,2019-02-13 14:07:01.652462+05:30,233,8986565665,f,
763,763,502,2019-02-11 12:11:53.967521+05:30,502,2019-02-13 15:39:38.640053+05:30,233,2244568568,f,
797,797,511,2019-02-13 16:48:45.919598+05:30,511,2019-02-13 16:48:45.919598+05:30,233,1478523998,f,
803,803,511,2019-02-13 17:01:49.497032+05:30,511,2019-02-13 17:01:49.497032+05:30,233,1266955588,f,
807,807,511,2019-02-13 17:09:33.556086+05:30,511,2019-02-13 17:09:33.556086+05:30,233,5998855658,f,
810,810,511,2019-02-13 17:16:25.688075+05:30,511,2019-02-13 17:16:25.688075+05:30,233,4598874562,f,
817,817,511,2019-02-13 17:32:04.080635+05:30,511,2019-02-13 17:32:04.080635+05:30,233,1265578855,f,
793,793,502,2019-02-13 15:51:51.998064+05:30,502,2019-02-13 15:54:07.481084+05:30,233,9895629089,f,
795,795,511,2019-02-13 16:44:31.127777+05:30,511,2019-02-13 16:44:31.127777+05:30,233,1478965485,f,
804,804,511,2019-02-13 17:03:31.699322+05:30,511,2019-02-13 17:03:31.699322+05:30,233,1666548985,f,
812,812,511,2019-02-13 17:20:27.330083+05:30,511,2019-02-13 17:20:27.330083+05:30,233,1236655889,f,
813,813,511,2019-02-13 17:22:24.07896+05:30,511,2019-02-13 17:22:24.07896+05:30,233,1235548655,f,
796,796,511,2019-02-13 16:47:05.12308+05:30,511,2019-02-13 16:47:05.12308+05:30,233,1234567890,f,
800,800,511,2019-02-13 16:55:38.547517+05:30,511,2019-02-13 16:55:38.547517+05:30,233,4456878962,f,
805,805,511,2019-02-13 17:05:14.721853+05:30,511,2019-02-13 17:05:14.721853+05:30,233,1236655478,f,
809,809,511,2019-02-13 17:14:14.779342+05:30,511,2019-02-13 17:14:14.779342+05:30,233,1236654786,f,
798,798,511,2019-02-13 16:51:45.01817+05:30,511,2019-02-13 16:51:45.01817+05:30,233,1479965888,f,
799,799,511,2019-02-13 16:53:31.678985+05:30,511,2019-02-13 16:53:31.678985+05:30,233,1478826699,f,
818,818,511,2019-02-13 17:33:30.660054+05:30,511,2019-02-13 17:33:30.660054+05:30,233,4566988555,f,
801,801,511,2019-02-13 16:57:28.208803+05:30,511,2019-02-13 16:57:28.208803+05:30,233,1234567890,f,
802,802,511,2019-02-13 16:59:07.954503+05:30,511,2019-02-13 16:59:07.954503+05:30,233,1266987486,f,
806,806,511,2019-02-13 17:07:57.877936+05:30,511,2019-02-13 17:07:57.877936+05:30,233,1236555566,f,
811,811,511,2019-02-13 17:18:42.002287+05:30,511,2019-02-13 17:18:42.002287+05:30,233,1236655488,f,
816,816,511,2019-02-13 17:30:18.599754+05:30,511,2019-02-13 17:30:18.599754+05:30,233,4556652588,f,
808,808,511,2019-02-13 17:12:33.497797+05:30,511,2019-02-13 17:12:33.497797+05:30,233,1478526699,f,
814,814,511,2019-02-13 17:24:21.136362+05:30,511,2019-02-13 17:24:21.136362+05:30,233,4566985433,f,
815,815,511,2019-02-13 17:27:37.636548+05:30,511,2019-02-13 17:27:37.636548+05:30,233,1478523998,f,
819,819,511,2019-02-13 23:29:13.540778+05:30,511,2019-02-13 23:29:13.540778+05:30,233,1234668789,f,
820,820,511,2019-02-13 23:30:46.197259+05:30,511,2019-02-13 23:30:46.197259+05:30,233,7896654365,f,
821,821,511,2019-02-13 23:33:47.984079+05:30,511,2019-02-13 23:33:47.984079+05:30,233,8555565555,f,
822,822,511,2019-02-13 23:35:36.686402+05:30,511,2019-02-13 23:35:36.686402+05:30,233,4555557788,f,
823,823,511,2019-02-13 23:38:04.631915+05:30,511,2019-02-13 23:38:04.631915+05:30,233,4488888555,f,
824,824,511,2019-02-13 23:45:16.505447+05:30,511,2019-02-13 23:45:16.505447+05:30,233,4555885556,f,
825,825,511,2019-02-13 23:47:43.826891+05:30,511,2019-02-13 23:47:43.826891+05:30,233,4856698426,f,
826,826,511,2019-02-13 23:49:13.251489+05:30,511,2019-02-13 23:49:13.251489+05:30,233,4556588888,f,
827,827,511,2019-02-13 23:50:55.453925+05:30,511,2019-02-13 23:50:55.453925+05:30,233,4455555655,f,
828,828,511,2019-02-13 23:52:40.542104+05:30,511,2019-02-13 23:52:40.542104+05:30,233,8865465888,f,
829,829,511,2019-02-13 23:54:49.109147+05:30,511,2019-02-13 23:54:49.109147+05:30,233,4423321669,f,
830,830,511,2019-02-13 23:58:04.490937+05:30,511,2019-02-13 23:58:04.490937+05:30,233,5588777880,f,
831,831,511,2019-02-14 00:02:38.411222+05:30,511,2019-02-14 00:02:38.411222+05:30,233,1233664488,f,
832,832,511,2019-02-14 00:04:02.019692+05:30,511,2019-02-14 00:04:02.019692+05:30,233,1478520099,f,
833,833,511,2019-02-14 00:07:00.501069+05:30,511,2019-02-14 00:07:00.501069+05:30,233,4563211789,f,
834,834,511,2019-02-14 00:08:52.15274+05:30,511,2019-02-14 00:08:52.15274+05:30,233,5654445525,f,
835,835,511,2019-02-14 00:10:57.504265+05:30,511,2019-02-14 00:10:57.504265+05:30,233,4453211789,f,
836,836,511,2019-02-14 00:12:27.373487+05:30,511,2019-02-14 00:12:27.373487+05:30,233,4453214899,f,
837,837,511,2019-02-14 00:14:16.537754+05:30,511,2019-02-14 00:14:16.537754+05:30,233,4223245888,f,
838,838,511,2019-02-14 03:04:00.10892+05:30,511,2019-02-14 03:04:00.10892+05:30,233,2448866355,f,
839,839,511,2019-02-14 04:02:12.949324+05:30,511,2019-02-14 04:02:12.949324+05:30,233,3217699845,f,
840,840,511,2019-02-14 04:03:38.349363+05:30,511,2019-02-14 04:03:38.349363+05:30,233,5565741369,f,
841,841,511,2019-02-14 04:05:06.017601+05:30,511,2019-02-14 04:05:06.017601+05:30,233,7555661448,f,
842,842,511,2019-02-14 04:06:27.603476+05:30,511,2019-02-14 04:06:27.603476+05:30,233,3214769877,f,
843,843,511,2019-02-14 04:07:38.695535+05:30,511,2019-02-14 04:07:38.695535+05:30,233,8889632145,f,
844,844,511,2019-02-14 04:09:16.054225+05:30,511,2019-02-14 04:09:16.054225+05:30,233,4566985456,f,
845,845,511,2019-02-14 04:10:34.6907+05:30,511,2019-02-14 04:10:34.6907+05:30,233,4563324899,f,
846,846,511,2019-02-14 04:13:04.755116+05:30,511,2019-02-14 04:13:04.755116+05:30,233,4453179655,f,
847,847,511,2019-02-14 04:14:51.631225+05:30,511,2019-02-14 04:14:51.631225+05:30,233,5332148998,f,
848,848,511,2019-02-14 04:19:09.777263+05:30,511,2019-02-14 04:19:09.777263+05:30,233,4331899888,f,
849,849,511,2019-02-14 04:20:56.429624+05:30,511,2019-02-14 04:20:56.429624+05:30,233,6624799008,f,
850,850,511,2019-02-14 04:23:40.275085+05:30,511,2019-02-14 04:23:40.275085+05:30,233,4555262548,f,
851,851,511,2019-02-14 04:25:23.314684+05:30,511,2019-02-14 04:25:23.314684+05:30,233,6624895214,f,
852,852,511,2019-02-14 04:31:36.841326+05:30,511,2019-02-14 04:31:36.841326+05:30,233,3324788855,f,
853,853,511,2019-02-14 04:33:43.918033+05:30,511,2019-02-14 04:33:43.918033+05:30,233,3211489988,f,
854,854,511,2019-02-14 04:36:18.47252+05:30,511,2019-02-14 04:36:18.47252+05:30,233,4566322580,f,
855,855,511,2019-02-14 04:38:27.542251+05:30,511,2019-02-14 04:38:27.542251+05:30,233,4533258888,f,
856,856,511,2019-02-14 04:40:09.121083+05:30,511,2019-02-14 04:40:09.121083+05:30,233,5866221488,f,
857,857,511,2019-02-14 04:43:31.121241+05:30,511,2019-02-14 04:43:31.121241+05:30,233,5662178965,f,
858,858,511,2019-02-14 04:46:50.64142+05:30,511,2019-02-14 04:46:50.64142+05:30,233,5322588885,f,
859,859,511,2019-02-14 04:48:53.008598+05:30,511,2019-02-14 04:48:53.008598+05:30,233,4559254478,f,
860,860,511,2019-02-14 04:50:39.932982+05:30,511,2019-02-14 04:50:39.932982+05:30,233,5666247889,f,
862,862,511,2019-02-14 04:55:44.409678+05:30,511,2019-02-14 04:55:44.409678+05:30,233,4465556650,f,
863,863,511,2019-02-14 04:58:00.703549+05:30,511,2019-02-14 04:58:00.703549+05:30,233,3224568888,f,
864,864,511,2019-02-14 05:00:17.948005+05:30,511,2019-02-14 05:00:17.948005+05:30,233,5632247898,f,
865,865,511,2019-02-14 05:07:53.371245+05:30,511,2019-02-14 05:07:53.371245+05:30,233,3221459988,f,
867,867,511,2019-02-14 05:11:12.42568+05:30,511,2019-02-14 05:11:12.42568+05:30,233,6324899855,f,
869,869,511,2019-02-14 05:14:19.573932+05:30,511,2019-02-14 05:14:19.573932+05:30,233,6347855555,f,
871,871,232,2019-02-14 18:37:06.641673+05:30,232,2019-02-14 18:37:06.641673+05:30,233,5552555555,f,
870,870,511,2019-02-14 05:16:01.389703+05:30,511,2019-02-15 02:08:57.886278+05:30,233,3255884458,f,
861,861,511,2019-02-14 04:52:23.086551+05:30,511,2019-02-15 03:11:32.738354+05:30,233,5663244888,f,
334,334,251,2018-05-29 13:01:43.025461+05:30,252,2019-03-06 15:03:19.577795+05:30,233,6885422436,f,
872,872,511,2019-02-15 03:20:59.548364+05:30,511,2019-02-15 03:20:59.548364+05:30,233,9587126980,f,
874,874,511,2019-02-15 03:29:19.016554+05:30,511,2019-02-15 03:29:19.016554+05:30,233,5533147898,f,
875,875,511,2019-02-15 03:31:25.998331+05:30,511,2019-02-15 03:31:25.998331+05:30,233,4563224789,f,
876,876,511,2019-02-15 03:33:26.798067+05:30,511,2019-02-15 03:33:26.798067+05:30,233,5632479800,f,
880,880,252,2019-03-07 12:26:03.709389+05:30,252,2019-03-07 12:26:03.709389+05:30,233,5756456465,f,
868,868,511,2019-02-14 05:12:39.152242+05:30,511,2019-02-15 03:41:30.583129+05:30,233,6224895888,f,
866,866,511,2019-02-14 05:09:45.706135+05:30,511,2019-02-15 03:43:01.827662+05:30,233,1236255458,f,
873,873,511,2019-02-15 03:23:14.403437+05:30,511,2019-02-15 03:45:09.785701+05:30,233,7555631478,f,
877,877,511,2019-02-15 11:43:56.42557+05:30,511,2019-02-15 12:00:53.348789+05:30,233,0244145696,f,
769,769,335,2019-02-12 01:48:19.284818+05:30,335,2019-02-15 12:46:06.291355+05:30,233,0541609869,f,
878,878,335,2019-02-18 22:42:32.962505+05:30,335,2019-02-18 22:42:32.962505+05:30,233,6621479965,f,
879,879,252,2019-03-04 15:52:08.323805+05:30,252,2019-03-04 15:52:08.323805+05:30,233,9086352586,f,
882,882,252,2019-03-13 16:58:57.76705+05:30,252,2019-03-13 16:58:57.76705+05:30,233,2825225758,f,
883,883,252,2019-03-15 09:23:29.306296+05:30,252,2019-03-15 09:31:41.956511+05:30,233,9663983838,f,
884,884,252,2019-03-21 12:52:43.864087+05:30,252,2019-03-21 12:52:43.864087+05:30,233,6688524705,f,
885,885,252,2019-04-29 12:45:18.127326+05:30,252,2019-04-29 12:45:18.127326+05:30,233,8523697410,f,
886,886,252,2019-05-02 10:53:32.556914+05:30,252,2019-05-02 10:53:32.556914+05:30,233,8523697410,f,
887,887,252,2019-05-02 13:29:34.218908+05:30,252,2019-05-02 13:29:34.218908+05:30,233,8523697440,f,
893,893,524,2019-05-07 11:46:21.460489+05:30,524,2019-06-19 17:46:37.706597+05:30,233,0541609869,f,
888,888,252,2019-05-03 15:57:06.459798+05:30,252,2019-05-03 16:11:51.2311+05:30,233,8523697410,f,
889,889,252,2019-05-03 19:17:33.012718+05:30,252,2019-05-03 19:20:15.096482+05:30,233,9999999999,f,
894,894,252,2019-05-07 12:10:35.253473+05:30,252,2019-05-07 12:12:37.009925+05:30,233,8523997410,f,
891,891,526,2019-05-04 18:35:25.483055+05:30,526,2019-05-04 18:35:25.483055+05:30,254,8585858585,f,
900,900,518,2019-05-08 15:47:00.29925+05:30,518,2019-05-08 15:47:00.29925+05:30,254,8846787675,f,
892,892,518,2019-05-06 16:13:13.994997+05:30,518,2019-05-06 16:18:41.768544+05:30,254,5464534843,f,
895,895,524,2019-05-07 12:16:27.035437+05:30,524,2019-05-07 12:17:27.45831+05:30,233,0242823459,t,
899,899,518,2019-05-08 14:41:29.523389+05:30,518,2019-05-08 14:41:29.523389+05:30,254,8529637410,f,
901,901,252,2019-05-10 11:38:23.429261+05:30,252,2019-05-10 11:38:23.429261+05:30,233,5698712688,f,
881,881,252,2019-03-13 15:17:09.514585+05:30,252,2019-05-07 14:45:48.169436+05:30,233,0565752675,f,
897,897,252,2019-05-07 15:56:40.78522+05:30,252,2019-05-07 15:56:40.78522+05:30,233,8523697410,f,
898,898,524,2019-05-08 14:14:39.210036+05:30,524,2019-05-08 14:59:13.346542+05:30,233,0245842525,f,
902,902,252,2019-05-17 16:10:44.822295+05:30,252,2019-05-17 16:10:44.822295+05:30,233,5854590669,f,
903,903,287,2019-05-23 11:37:50.340781+05:30,287,2019-05-23 11:37:50.340781+05:30,254,7859853251,f,
904,904,252,2019-06-07 11:27:48.926958+05:30,252,2019-06-07 11:27:48.926958+05:30,233,4258755669,f,
907,907,252,2019-06-24 14:36:37.281217+05:30,252,2019-06-24 14:36:37.281217+05:30,233,8523697410,f,
906,906,252,2019-06-24 13:01:17.102596+05:30,252,2019-06-24 13:01:17.102596+05:30,233,8523697410,f,
909,909,252,2019-06-26 11:59:23.991323+05:30,252,2019-06-26 11:59:23.991323+05:30,233,1236547890,f,
890,890,524,2019-05-04 02:22:21.967838+05:30,524,2019-08-02 14:09:30.393111+05:30,233,0540407004,f,
896,896,524,2019-05-07 12:19:22.787739+05:30,524,2019-08-02 14:15:58.726238+05:30,233,0541609869,f,
910,910,252,2019-06-28 14:37:47.529885+05:30,252,2019-06-28 14:38:44.228302+05:30,233,5865855727,f,
913,913,252,2019-07-15 14:10:01.021682+05:30,252,2019-07-15 15:21:57.124428+05:30,233,5827575255,f,
914,914,252,2019-07-19 11:46:29.743618+05:30,252,2019-07-19 11:46:29.743618+05:30,233,1234567893,f,
908,908,252,2019-06-24 15:04:38.093489+05:30,252,2019-07-19 15:32:58.179101+05:30,233,1478523698,f,
912,912,252,2019-07-02 15:01:33.362251+05:30,252,2019-07-19 15:33:24.695373+05:30,233,1234567890,f,
915,915,252,2019-07-22 12:04:34.326941+05:30,252,2019-07-22 12:04:34.326941+05:30,233,5865521427,f,1234567893
189,189,251,2018-05-25 15:56:32.945825+05:30,252,2019-07-25 13:38:24.23218+05:30,233,7327368686,f,
916,916,252,2019-07-24 21:22:46.006279+05:30,252,2019-07-28 15:56:24.836484+05:30,233,9486540283,t,
917,917,252,2019-07-28 15:59:05.00647+05:30,252,2019-07-28 15:59:05.00647+05:30,233,9486540283,t,9486540283
919,919,252,2019-07-29 12:56:40.847109+05:30,252,2019-07-29 12:56:40.847109+05:30,233,0247775121,f,
920,920,524,2019-07-31 15:18:45.559154+05:30,524,2019-07-31 15:24:23.198018+05:30,233,0247775121,f,
918,918,252,2019-07-28 16:20:04.525806+05:30,252,2019-08-01 11:44:07.577867+05:30,233,9486540283,f,
921,921,524,2019-08-02 14:00:25.045184+05:30,524,2019-08-02 14:00:25.045184+05:30,233,0244696339,f,
911,911,524,2019-06-30 01:33:13.998528+05:30,524,2019-08-02 14:08:39.554227+05:30,233,0244145696,f,
905,905,524,2019-06-19 15:14:48.73599+05:30,524,2019-08-02 14:19:54.788697+05:30,233,0244145696,f,
