SubCountyID,SubCountyName,CountyID,CountryID,CreatedBy,CreatedDatetime,UpdatedBy,UpdatedDatetime,IsDeleted
101,Adansi North District,101,101,101,2019-02-07 12:43:21.870658+05:30,101,2019-02-07 12:43:21.870658+05:30,f
102,Adansi South District,101,101,101,2019-02-07 12:43:21.870658+05:30,101,2019-02-07 12:43:21.870658+05:30,f
103,Afigya-Kwabre District,101,101,101,2019-02-07 12:43:21.870658+05:30,101,2019-02-07 12:43:21.870658+05:30,f
104,Ahafo Ano North District,101,101,101,2019-02-07 12:43:21.870658+05:30,101,2019-02-07 12:43:21.870658+05:30,f
105,Ahafo Ano South District,101,101,101,2019-02-07 12:43:21.870658+05:30,101,2019-02-07 12:43:21.870658+05:30,f
106,Amansie Central District,101,101,101,2019-02-07 12:43:21.870658+05:30,101,2019-02-07 12:43:21.870658+05:30,f
107,Amansie West District,101,101,101,2019-02-07 12:43:21.870658+05:30,101,2019-02-07 12:43:21.870658+05:30,f
108,Asante Akim Central Municipal District,101,101,101,2019-02-07 12:43:21.870658+05:30,101,2019-02-07 12:43:21.870658+05:30,f
109,Asante Akim North District,101,101,101,2019-02-07 12:43:21.870658+05:30,101,2019-02-07 12:43:21.870658+05:30,f
110,Asante Akim South District,101,101,101,2019-02-07 12:43:21.870658+05:30,101,2019-02-07 12:43:21.870658+05:30,f
111,Asokore Mampong Municipal District,101,101,101,2019-02-07 12:43:21.870658+05:30,101,2019-02-07 12:43:21.870658+05:30,f
112,Atwima Kwanwoma District,101,101,101,2019-02-07 12:43:21.870658+05:30,101,2019-02-07 12:43:21.870658+05:30,f
113,Atwima Mponua District,101,101,101,2019-02-07 12:43:21.870658+05:30,101,2019-02-07 12:43:21.870658+05:30,f
114,Atwima Nwabiagya District,101,101,101,2019-02-07 12:43:21.870658+05:30,101,2019-02-07 12:43:21.870658+05:30,f
115,Bekwai Municipal District,101,101,101,2019-02-07 12:43:21.870658+05:30,101,2019-02-07 12:43:21.870658+05:30,f
116,Bosome Freho District,101,101,101,2019-02-07 12:43:21.870658+05:30,101,2019-02-07 12:43:21.870658+05:30,f
117,Botsomtwe District,101,101,101,2019-02-07 12:43:21.870658+05:30,101,2019-02-07 12:43:21.870658+05:30,f
118,Ejisu-Juaben Municipal District,101,101,101,2019-02-07 12:43:21.870658+05:30,101,2019-02-07 12:43:21.870658+05:30,f
119,Ejura - Sekyedumase District,101,101,101,2019-02-07 12:43:21.870658+05:30,101,2019-02-07 12:43:21.870658+05:30,f
120,Kumasi Metropolitan District,101,101,101,2019-02-07 12:43:21.870658+05:30,101,2019-02-07 12:43:21.870658+05:30,f
121,Kwabre East District,101,101,101,2019-02-07 12:43:21.870658+05:30,101,2019-02-07 12:43:21.870658+05:30,f
122,Mampong Municipal District,101,101,101,2019-02-07 12:43:21.870658+05:30,101,2019-02-07 12:43:21.870658+05:30,f
123,Obuasi Municipal District,101,101,101,2019-02-07 12:43:21.870658+05:30,101,2019-02-07 12:43:21.870658+05:30,f
124,Offinso North District,101,101,101,2019-02-07 12:43:21.870658+05:30,101,2019-02-07 12:43:21.870658+05:30,f
125,Offinso South Municipal District,101,101,101,2019-02-07 12:43:21.870658+05:30,101,2019-02-07 12:43:21.870658+05:30,f
126,Sekyere Afram Plains District,101,101,101,2019-02-07 12:43:21.870658+05:30,101,2019-02-07 12:43:21.870658+05:30,f
127,Sekyere Central District,101,101,101,2019-02-07 12:43:21.870658+05:30,101,2019-02-07 12:43:21.870658+05:30,f
128,Sekyere East District,101,101,101,2019-02-07 12:43:21.870658+05:30,101,2019-02-07 12:43:21.870658+05:30,f
129,Sekyere Kumawu District,101,101,101,2019-02-07 12:43:21.870658+05:30,101,2019-02-07 12:43:21.870658+05:30,f
130,Sekyere South District,101,101,101,2019-02-07 12:43:21.870658+05:30,101,2019-02-07 12:43:21.870658+05:30,f
131,Asunafo North Municipal District,102,101,101,2019-02-07 12:43:21.870658+05:30,101,2019-02-07 12:43:21.870658+05:30,f
132,Asunafo South District,102,101,101,2019-02-07 12:43:21.870658+05:30,101,2019-02-07 12:43:21.870658+05:30,f
133,Asutifi North District,102,101,101,2019-02-07 12:43:21.870658+05:30,101,2019-02-07 12:43:21.870658+05:30,f
134,Asutifi South District,102,101,101,2019-02-07 12:43:21.870658+05:30,101,2019-02-07 12:43:21.870658+05:30,f
135,Atebubu-Amantin District,102,101,101,2019-02-07 12:43:21.870658+05:30,101,2019-02-07 12:43:21.870658+05:30,f
136,Banda District,102,101,101,2019-02-07 12:43:21.870658+05:30,101,2019-02-07 12:43:21.870658+05:30,f
137,Berekum East Municipal District,102,101,101,2019-02-07 12:43:21.870658+05:30,101,2019-02-07 12:43:21.870658+05:30,f
138,Berekum Municipal District,102,101,101,2019-02-07 12:43:21.870658+05:30,101,2019-02-07 12:43:21.870658+05:30,f
139,Dormaa East District,102,101,101,2019-02-07 12:43:21.870658+05:30,101,2019-02-07 12:43:21.870658+05:30,f
140,Dormaa Municipal District,102,101,101,2019-02-07 12:43:21.870658+05:30,101,2019-02-07 12:43:21.870658+05:30,f
141,Dormaa West District,102,101,101,2019-02-07 12:43:21.870658+05:30,101,2019-02-07 12:43:21.870658+05:30,f
142,Jaman North District,102,101,101,2019-02-07 12:43:21.870658+05:30,101,2019-02-07 12:43:21.870658+05:30,f
143,Jaman South District,102,101,101,2019-02-07 12:43:21.870658+05:30,101,2019-02-07 12:43:21.870658+05:30,f
144,Kintampo North Municipal District,102,101,101,2019-02-07 12:43:21.870658+05:30,101,2019-02-07 12:43:21.870658+05:30,f
145,Kintampo South District,102,101,101,2019-02-07 12:43:21.870658+05:30,101,2019-02-07 12:43:21.870658+05:30,f
146,Nkoranza North District,102,101,101,2019-02-07 12:43:21.870658+05:30,101,2019-02-07 12:43:21.870658+05:30,f
147,Nkoranza South District,102,101,101,2019-02-07 12:43:21.870658+05:30,101,2019-02-07 12:43:21.870658+05:30,f
148,Pru District,102,101,101,2019-02-07 12:43:21.870658+05:30,101,2019-02-07 12:43:21.870658+05:30,f
149,Sene East District,102,101,101,2019-02-07 12:43:21.870658+05:30,101,2019-02-07 12:43:21.870658+05:30,f
150,Sene West District,102,101,101,2019-02-07 12:43:21.870658+05:30,101,2019-02-07 12:43:21.870658+05:30,f
151,Sunyani Municipal District,102,101,101,2019-02-07 12:43:21.870658+05:30,101,2019-02-07 12:43:21.870658+05:30,f
152,Sunyani West District,102,101,101,2019-02-07 12:43:21.870658+05:30,101,2019-02-07 12:43:21.870658+05:30,f
153,Tain District,102,101,101,2019-02-07 12:43:21.870658+05:30,101,2019-02-07 12:43:21.870658+05:30,f
154,Tano North District,102,101,101,2019-02-07 12:43:21.870658+05:30,101,2019-02-07 12:43:21.870658+05:30,f
155,Tano South District,102,101,101,2019-02-07 12:43:21.870658+05:30,101,2019-02-07 12:43:21.870658+05:30,f
156,Techiman Municipal District,102,101,101,2019-02-07 12:43:21.870658+05:30,101,2019-02-07 12:43:21.870658+05:30,f
157,Techiman North District,102,101,101,2019-02-07 12:43:21.870658+05:30,101,2019-02-07 12:43:21.870658+05:30,f
158,Wenchi Municipal District,102,101,101,2019-02-07 12:43:21.870658+05:30,101,2019-02-07 12:43:21.870658+05:30,f
159,Abura/Asebu/Kwamankese District,103,101,101,2019-02-07 12:43:21.870658+05:30,101,2019-02-07 12:43:21.870658+05:30,f
160,Agona East District,103,101,101,2019-02-07 12:43:21.870658+05:30,101,2019-02-07 12:43:21.870658+05:30,f
161,Agona West Municipal District,103,101,101,2019-02-07 12:43:21.870658+05:30,101,2019-02-07 12:43:21.870658+05:30,f
162,Ajumako/Enyan/Essiam District,103,101,101,2019-02-07 12:43:21.870658+05:30,101,2019-02-07 12:43:21.870658+05:30,f
163,Asikuma/Odoben/Brakwa District,103,101,101,2019-02-07 12:43:21.870658+05:30,101,2019-02-07 12:43:21.870658+05:30,f
164,Assin North Municipal District,103,101,101,2019-02-07 12:43:21.870658+05:30,101,2019-02-07 12:43:21.870658+05:30,f
165,Assin South District,103,101,101,2019-02-07 12:43:21.870658+05:30,101,2019-02-07 12:43:21.870658+05:30,f
166,Awutu Senya East Municipal District,103,101,101,2019-02-07 12:43:21.870658+05:30,101,2019-02-07 12:43:21.870658+05:30,f
167,Awutu Senya West District,103,101,101,2019-02-07 12:43:21.870658+05:30,101,2019-02-07 12:43:21.870658+05:30,f
455,Loima,133,101,101,2019-02-07 12:43:22.222105+05:30,101,2019-02-07 12:43:22.222105+05:30,f
168,Cape Coast Metropolitan District,103,101,101,2019-02-07 12:43:21.870658+05:30,101,2019-02-07 12:43:21.870658+05:30,f
169,Effutu Municipal District,103,101,101,2019-02-07 12:43:21.870658+05:30,101,2019-02-07 12:43:21.870658+05:30,f
170,Ekumfi District,103,101,101,2019-02-07 12:43:21.870658+05:30,101,2019-02-07 12:43:21.870658+05:30,f
171,Gomoa East District,103,101,101,2019-02-07 12:43:21.870658+05:30,101,2019-02-07 12:43:21.870658+05:30,f
172,Gomoa West District,103,101,101,2019-02-07 12:43:21.870658+05:30,101,2019-02-07 12:43:21.870658+05:30,f
173,Komenda/Edina/Eguafo/Abirem Municipal District,103,101,101,2019-02-07 12:43:21.870658+05:30,101,2019-02-07 12:43:21.870658+05:30,f
174,Mfantsiman Municipal District,103,101,101,2019-02-07 12:43:21.870658+05:30,101,2019-02-07 12:43:21.870658+05:30,f
175,Twifo-Ati Morkwa District,103,101,101,2019-02-07 12:43:21.870658+05:30,101,2019-02-07 12:43:21.870658+05:30,f
176,Twifo/Heman/Lower Denkyira District,103,101,101,2019-02-07 12:43:21.870658+05:30,101,2019-02-07 12:43:21.870658+05:30,f
177,Upper Denkyira East Municipal District,103,101,101,2019-02-07 12:43:21.870658+05:30,101,2019-02-07 12:43:21.870658+05:30,f
178,Upper Denkyira West District,103,101,101,2019-02-07 12:43:21.870658+05:30,101,2019-02-07 12:43:21.870658+05:30,f
179,Akuapim South District,104,101,101,2019-02-07 12:43:21.870658+05:30,101,2019-02-07 12:43:21.870658+05:30,f
180,Akuapim North District,104,101,101,2019-02-07 12:43:21.870658+05:30,101,2019-02-07 12:43:21.870658+05:30,f
181,Akyemansa District,104,101,101,2019-02-07 12:43:21.870658+05:30,101,2019-02-07 12:43:21.870658+05:30,f
182,Asuogyaman District,104,101,101,2019-02-07 12:43:21.870658+05:30,101,2019-02-07 12:43:21.870658+05:30,f
183,Ayensuano District,104,101,101,2019-02-07 12:43:21.870658+05:30,101,2019-02-07 12:43:21.870658+05:30,f
184,Atiwa District,104,101,101,2019-02-07 12:43:21.870658+05:30,101,2019-02-07 12:43:21.870658+05:30,f
185,Birim Central Municipal District,104,101,101,2019-02-07 12:43:21.870658+05:30,101,2019-02-07 12:43:21.870658+05:30,f
186,Birim North District,104,101,101,2019-02-07 12:43:21.870658+05:30,101,2019-02-07 12:43:21.870658+05:30,f
187,Birim South District,104,101,101,2019-02-07 12:43:21.870658+05:30,101,2019-02-07 12:43:21.870658+05:30,f
188,Denkyembour District,104,101,101,2019-02-07 12:43:21.870658+05:30,101,2019-02-07 12:43:21.870658+05:30,f
189,East Akim Municipal District,104,101,101,2019-02-07 12:43:21.870658+05:30,101,2019-02-07 12:43:21.870658+05:30,f
190,Fanteakwa District,104,101,101,2019-02-07 12:43:21.870658+05:30,101,2019-02-07 12:43:21.870658+05:30,f
191,Kwaebibirem District,104,101,101,2019-02-07 12:43:21.870658+05:30,101,2019-02-07 12:43:21.870658+05:30,f
192,Kwahu Afram Plains North District,104,101,101,2019-02-07 12:43:21.870658+05:30,101,2019-02-07 12:43:21.870658+05:30,f
193,Kwahu Afram Plains South District,104,101,101,2019-02-07 12:43:21.870658+05:30,101,2019-02-07 12:43:21.870658+05:30,f
194,Kwahu East District,104,101,101,2019-02-07 12:43:21.870658+05:30,101,2019-02-07 12:43:21.870658+05:30,f
195,Kwahu South District,104,101,101,2019-02-07 12:43:21.870658+05:30,101,2019-02-07 12:43:21.870658+05:30,f
196,Kwahu West Municipal District,104,101,101,2019-02-07 12:43:21.870658+05:30,101,2019-02-07 12:43:21.870658+05:30,f
197,Lower Manya Krobo District,104,101,101,2019-02-07 12:43:21.870658+05:30,101,2019-02-07 12:43:21.870658+05:30,f
198,New-Juaben Municipal District,104,101,101,2019-02-07 12:43:21.870658+05:30,101,2019-02-07 12:43:21.870658+05:30,f
199,Nsawam Adoagyire Municipal District,104,101,101,2019-02-07 12:43:21.870658+05:30,101,2019-02-07 12:43:21.870658+05:30,f
200,Suhum Municipal,104,101,101,2019-02-07 12:43:21.870658+05:30,101,2019-02-07 12:43:21.870658+05:30,f
201,Upper Manya Krobo District,104,101,101,2019-02-07 12:43:21.870658+05:30,101,2019-02-07 12:43:21.870658+05:30,f
202,Upper West Akim District,104,101,101,2019-02-07 12:43:21.870658+05:30,101,2019-02-07 12:43:21.870658+05:30,f
203,West Akim Municipal District,104,101,101,2019-02-07 12:43:21.870658+05:30,101,2019-02-07 12:43:21.870658+05:30,f
204,Yilo Krobo Municipal,104,101,101,2019-02-07 12:43:21.870658+05:30,101,2019-02-07 12:43:21.870658+05:30,f
205,Ablekuma North Municipal District,105,101,101,2019-02-07 12:43:21.870658+05:30,101,2019-02-07 12:43:21.870658+05:30,f
206,Ablekuma West Municipal District,105,101,101,2019-02-07 12:43:21.870658+05:30,101,2019-02-07 12:43:21.870658+05:30,f
207,Accra Metropolitan District,105,101,101,2019-02-07 12:43:21.870658+05:30,101,2019-02-07 12:43:21.870658+05:30,f
208,Ada East District,105,101,101,2019-02-07 12:43:21.870658+05:30,101,2019-02-07 12:43:21.870658+05:30,f
209,Ada West District,105,101,101,2019-02-07 12:43:21.870658+05:30,101,2019-02-07 12:43:21.870658+05:30,f
210,Adenta Municipal District,105,101,101,2019-02-07 12:43:21.870658+05:30,101,2019-02-07 12:43:21.870658+05:30,f
211,Ashaiman Municipal District,105,101,101,2019-02-07 12:43:21.870658+05:30,101,2019-02-07 12:43:21.870658+05:30,f
212,Ayawaso East Municipal District,105,101,101,2019-02-07 12:43:21.870658+05:30,101,2019-02-07 12:43:21.870658+05:30,f
213,Ayawaso North Municipal District,105,101,101,2019-02-07 12:43:21.870658+05:30,101,2019-02-07 12:43:21.870658+05:30,f
214,Ayawaso West Municipal District,105,101,101,2019-02-07 12:43:21.870658+05:30,101,2019-02-07 12:43:21.870658+05:30,f
215,Ga Central District,105,101,101,2019-02-07 12:43:21.870658+05:30,101,2019-02-07 12:43:21.870658+05:30,f
216,Ga East Municipal District,105,101,101,2019-02-07 12:43:21.870658+05:30,101,2019-02-07 12:43:21.870658+05:30,f
217,Ga North Municipal District,105,101,101,2019-02-07 12:43:21.870658+05:30,101,2019-02-07 12:43:21.870658+05:30,f
218,Ga South Municipal District,105,101,101,2019-02-07 12:43:21.870658+05:30,101,2019-02-07 12:43:21.870658+05:30,f
219,Ga West Municipal District,105,101,101,2019-02-07 12:43:21.870658+05:30,101,2019-02-07 12:43:21.870658+05:30,f
220,Kpone Katamanso Municipal District,105,101,101,2019-02-07 12:43:21.870658+05:30,101,2019-02-07 12:43:21.870658+05:30,f
221,Krowor Municipal District,105,101,101,2019-02-07 12:43:21.870658+05:30,101,2019-02-07 12:43:21.870658+05:30,f
222,La Dade Kotopon Municipal District,105,101,101,2019-02-07 12:43:21.870658+05:30,101,2019-02-07 12:43:21.870658+05:30,f
223,La Nkwantanang Madina Municipal District,105,101,101,2019-02-07 12:43:21.870658+05:30,101,2019-02-07 12:43:21.870658+05:30,f
224,Ledzokuku Municipal District,105,101,101,2019-02-07 12:43:21.870658+05:30,101,2019-02-07 12:43:21.870658+05:30,f
225,Ningo Prampram District,105,101,101,2019-02-07 12:43:21.870658+05:30,101,2019-02-07 12:43:21.870658+05:30,f
226,Okaikwei Municipal District,105,101,101,2019-02-07 12:43:21.870658+05:30,101,2019-02-07 12:43:21.870658+05:30,f
227,Shai Osudoku District,105,101,101,2019-02-07 12:43:21.870658+05:30,101,2019-02-07 12:43:21.870658+05:30,f
228,Tema Metropolitan District,105,101,101,2019-02-07 12:43:21.870658+05:30,101,2019-02-07 12:43:21.870658+05:30,f
229,Tema West Municipal District,105,101,101,2019-02-07 12:43:21.870658+05:30,101,2019-02-07 12:43:21.870658+05:30,f
230,Weija Municipal District,105,101,101,2019-02-07 12:43:21.870658+05:30,101,2019-02-07 12:43:21.870658+05:30,f
231,Bole District,106,101,101,2019-02-07 12:43:21.870658+05:30,101,2019-02-07 12:43:21.870658+05:30,f
232,Bunkpurugu-Nyankpanduri District,106,101,101,2019-02-07 12:43:21.870658+05:30,101,2019-02-07 12:43:21.870658+05:30,f
233,Central Gonja District,106,101,101,2019-02-07 12:43:21.870658+05:30,101,2019-02-07 12:43:21.870658+05:30,f
234,Chereponi District,106,101,101,2019-02-07 12:43:21.870658+05:30,101,2019-02-07 12:43:21.870658+05:30,f
235,East Gonja Municipal District,106,101,101,2019-02-07 12:43:21.870658+05:30,101,2019-02-07 12:43:21.870658+05:30,f
236,East Mamprusi Municipal District,106,101,101,2019-02-07 12:43:21.870658+05:30,101,2019-02-07 12:43:21.870658+05:30,f
237,Gushegu Municipal District,106,101,101,2019-02-07 12:43:21.870658+05:30,101,2019-02-07 12:43:21.870658+05:30,f
238,Karaga District,106,101,101,2019-02-07 12:43:21.870658+05:30,101,2019-02-07 12:43:21.870658+05:30,f
239,Kpandai District,106,101,101,2019-02-07 12:43:21.870658+05:30,101,2019-02-07 12:43:21.870658+05:30,f
240,Kumbungu District,106,101,101,2019-02-07 12:43:21.870658+05:30,101,2019-02-07 12:43:21.870658+05:30,f
241,Mamprugo Moaduri District,106,101,101,2019-02-07 12:43:21.870658+05:30,101,2019-02-07 12:43:21.870658+05:30,f
242,Mion District,106,101,101,2019-02-07 12:43:21.870658+05:30,101,2019-02-07 12:43:21.870658+05:30,f
243,Nanton District,106,101,101,2019-02-07 12:43:21.870658+05:30,101,2019-02-07 12:43:21.870658+05:30,f
244,Nanumba North Municipal District,106,101,101,2019-02-07 12:43:21.870658+05:30,101,2019-02-07 12:43:21.870658+05:30,f
245,Nanumba South District,106,101,101,2019-02-07 12:43:21.870658+05:30,101,2019-02-07 12:43:21.870658+05:30,f
246,North Gonja District,106,101,101,2019-02-07 12:43:21.870658+05:30,101,2019-02-07 12:43:21.870658+05:30,f
247,Saboba District,106,101,101,2019-02-07 12:43:21.870658+05:30,101,2019-02-07 12:43:21.870658+05:30,f
248,Sagnarigu Municipal District,106,101,101,2019-02-07 12:43:21.870658+05:30,101,2019-02-07 12:43:21.870658+05:30,f
249,Savelugu Municipal District,106,101,101,2019-02-07 12:43:21.870658+05:30,101,2019-02-07 12:43:21.870658+05:30,f
250,Sawla-Tuna-Kalba District,106,101,101,2019-02-07 12:43:21.870658+05:30,101,2019-02-07 12:43:21.870658+05:30,f
251,Tamale Metropolitan District,106,101,101,2019-02-07 12:43:21.870658+05:30,101,2019-02-07 12:43:21.870658+05:30,f
252,Tatale Sangule District,106,101,101,2019-02-07 12:43:21.870658+05:30,101,2019-02-07 12:43:21.870658+05:30,f
253,Tolon District,106,101,101,2019-02-07 12:43:21.870658+05:30,101,2019-02-07 12:43:21.870658+05:30,f
254,West Gonja District,106,101,101,2019-02-07 12:43:21.870658+05:30,101,2019-02-07 12:43:21.870658+05:30,f
255,West Mamprusi Municipal District,106,101,101,2019-02-07 12:43:21.870658+05:30,101,2019-02-07 12:43:21.870658+05:30,f
256,Yendi Municipal District,106,101,101,2019-02-07 12:43:21.870658+05:30,101,2019-02-07 12:43:21.870658+05:30,f
257,Yunyoo-Nasuan District,106,101,101,2019-02-07 12:43:21.870658+05:30,101,2019-02-07 12:43:21.870658+05:30,f
258,Zabzugu District,106,101,101,2019-02-07 12:43:21.870658+05:30,101,2019-02-07 12:43:21.870658+05:30,f
259,Bawku Municipal District,107,101,101,2019-02-07 12:43:21.870658+05:30,101,2019-02-07 12:43:21.870658+05:30,f
260,Bawku West District,107,101,101,2019-02-07 12:43:21.870658+05:30,101,2019-02-07 12:43:21.870658+05:30,f
261,Binduri District,107,101,101,2019-02-07 12:43:21.870658+05:30,101,2019-02-07 12:43:21.870658+05:30,f
262,Bolgatanga Municipal District,107,101,101,2019-02-07 12:43:21.870658+05:30,101,2019-02-07 12:43:21.870658+05:30,f
263,Bongo District,107,101,101,2019-02-07 12:43:21.870658+05:30,101,2019-02-07 12:43:21.870658+05:30,f
264,Builsa District,107,101,101,2019-02-07 12:43:21.870658+05:30,101,2019-02-07 12:43:21.870658+05:30,f
265,Builsa South District,107,101,101,2019-02-07 12:43:21.870658+05:30,101,2019-02-07 12:43:21.870658+05:30,f
266,Garu-Tempane District,107,101,101,2019-02-07 12:43:21.870658+05:30,101,2019-02-07 12:43:21.870658+05:30,f
267,Kassena Nankana East District,107,101,101,2019-02-07 12:43:21.870658+05:30,101,2019-02-07 12:43:21.870658+05:30,f
268,Kassena Nankana West District,107,101,101,2019-02-07 12:43:21.870658+05:30,101,2019-02-07 12:43:21.870658+05:30,f
269,Nabdam District,107,101,101,2019-02-07 12:43:21.870658+05:30,101,2019-02-07 12:43:21.870658+05:30,f
270,Pusiga District,107,101,101,2019-02-07 12:43:21.870658+05:30,101,2019-02-07 12:43:21.870658+05:30,f
271,Talensi District,107,101,101,2019-02-07 12:43:21.870658+05:30,101,2019-02-07 12:43:21.870658+05:30,f
272,Daffiama Bussie Issa District,108,101,101,2019-02-07 12:43:21.870658+05:30,101,2019-02-07 12:43:21.870658+05:30,f
273,Jirapa District,108,101,101,2019-02-07 12:43:21.870658+05:30,101,2019-02-07 12:43:21.870658+05:30,f
274,Lambussie Karni District,108,101,101,2019-02-07 12:43:21.870658+05:30,101,2019-02-07 12:43:21.870658+05:30,f
275,Lawra District,108,101,101,2019-02-07 12:43:21.870658+05:30,101,2019-02-07 12:43:21.870658+05:30,f
276,Nadowli District,108,101,101,2019-02-07 12:43:21.870658+05:30,101,2019-02-07 12:43:21.870658+05:30,f
277,Nandom District,108,101,101,2019-02-07 12:43:21.870658+05:30,101,2019-02-07 12:43:21.870658+05:30,f
278,Sissala East District,108,101,101,2019-02-07 12:43:21.870658+05:30,101,2019-02-07 12:43:21.870658+05:30,f
279,Sissala West District,108,101,101,2019-02-07 12:43:21.870658+05:30,101,2019-02-07 12:43:21.870658+05:30,f
280,Wa East District,108,101,101,2019-02-07 12:43:21.870658+05:30,101,2019-02-07 12:43:21.870658+05:30,f
281,Wa Municipal District,108,101,101,2019-02-07 12:43:21.870658+05:30,101,2019-02-07 12:43:21.870658+05:30,f
282,Wa West District,108,101,101,2019-02-07 12:43:21.870658+05:30,101,2019-02-07 12:43:21.870658+05:30,f
283,Adaklu District,109,101,101,2019-02-07 12:43:21.870658+05:30,101,2019-02-07 12:43:21.870658+05:30,f
284,Afadjato South District,109,101,101,2019-02-07 12:43:21.870658+05:30,101,2019-02-07 12:43:21.870658+05:30,f
285,Agotime Ziope District,109,101,101,2019-02-07 12:43:21.870658+05:30,101,2019-02-07 12:43:21.870658+05:30,f
286,Akatsi North District,109,101,101,2019-02-07 12:43:21.870658+05:30,101,2019-02-07 12:43:21.870658+05:30,f
287,Akatsi South District,109,101,101,2019-02-07 12:43:21.870658+05:30,101,2019-02-07 12:43:21.870658+05:30,f
288,Biakoye District,109,101,101,2019-02-07 12:43:21.870658+05:30,101,2019-02-07 12:43:21.870658+05:30,f
289,Central Tongu District,109,101,101,2019-02-07 12:43:21.870658+05:30,101,2019-02-07 12:43:21.870658+05:30,f
290,Ho Municipal District,109,101,101,2019-02-07 12:43:21.870658+05:30,101,2019-02-07 12:43:21.870658+05:30,f
291,Ho West District,109,101,101,2019-02-07 12:43:21.870658+05:30,101,2019-02-07 12:43:21.870658+05:30,f
292,Hohoe Municipal District,109,101,101,2019-02-07 12:43:21.870658+05:30,101,2019-02-07 12:43:21.870658+05:30,f
293,Jasikan District,109,101,101,2019-02-07 12:43:21.870658+05:30,101,2019-02-07 12:43:21.870658+05:30,f
294,Kadjebi District,109,101,101,2019-02-07 12:43:21.870658+05:30,101,2019-02-07 12:43:21.870658+05:30,f
295,Keta Municipal District,109,101,101,2019-02-07 12:43:21.870658+05:30,101,2019-02-07 12:43:21.870658+05:30,f
296,Ketu North District,109,101,101,2019-02-07 12:43:21.870658+05:30,101,2019-02-07 12:43:21.870658+05:30,f
297,Ketu South Municipal District,109,101,101,2019-02-07 12:43:21.870658+05:30,101,2019-02-07 12:43:21.870658+05:30,f
298,Kpando Municipal District,109,101,101,2019-02-07 12:43:21.870658+05:30,101,2019-02-07 12:43:21.870658+05:30,f
299,Krachi East District,109,101,101,2019-02-07 12:43:21.870658+05:30,101,2019-02-07 12:43:21.870658+05:30,f
300,Krachi Nchumuru District,109,101,101,2019-02-07 12:43:21.870658+05:30,101,2019-02-07 12:43:21.870658+05:30,f
301,Krachi West District,109,101,101,2019-02-07 12:43:21.870658+05:30,101,2019-02-07 12:43:21.870658+05:30,f
302,Nkwanta North District,109,101,101,2019-02-07 12:43:21.870658+05:30,101,2019-02-07 12:43:21.870658+05:30,f
303,Nkwanta South District,109,101,101,2019-02-07 12:43:21.870658+05:30,101,2019-02-07 12:43:21.870658+05:30,f
304,North Dayi District,109,101,101,2019-02-07 12:43:21.870658+05:30,101,2019-02-07 12:43:21.870658+05:30,f
305,North Tongu District,109,101,101,2019-02-07 12:43:21.870658+05:30,101,2019-02-07 12:43:21.870658+05:30,f
306,South Dayi District,109,101,101,2019-02-07 12:43:21.870658+05:30,101,2019-02-07 12:43:21.870658+05:30,f
307,South Tongu District,109,101,101,2019-02-07 12:43:21.870658+05:30,101,2019-02-07 12:43:21.870658+05:30,f
308,Ahanta West District,110,101,101,2019-02-07 12:43:21.870658+05:30,101,2019-02-07 12:43:21.870658+05:30,f
309,Aowin/Suaman District,110,101,101,2019-02-07 12:43:21.870658+05:30,101,2019-02-07 12:43:21.870658+05:30,f
310,Bia West District,110,101,101,2019-02-07 12:43:21.870658+05:30,101,2019-02-07 12:43:21.870658+05:30,f
311,Bia East District,110,101,101,2019-02-07 12:43:21.870658+05:30,101,2019-02-07 12:43:21.870658+05:30,f
312,Bibiani/Anhwiaso/Bekwai District,110,101,101,2019-02-07 12:43:21.870658+05:30,101,2019-02-07 12:43:21.870658+05:30,f
313,Bodi District,110,101,101,2019-02-07 12:43:21.870658+05:30,101,2019-02-07 12:43:21.870658+05:30,f
314,Ellembele District,110,101,101,2019-02-07 12:43:21.870658+05:30,101,2019-02-07 12:43:21.870658+05:30,f
315,Jomoro District,110,101,101,2019-02-07 12:43:21.870658+05:30,101,2019-02-07 12:43:21.870658+05:30,f
316,Juaboso District,110,101,101,2019-02-07 12:43:21.870658+05:30,101,2019-02-07 12:43:21.870658+05:30,f
317,Mpohor District,110,101,101,2019-02-07 12:43:21.870658+05:30,101,2019-02-07 12:43:21.870658+05:30,f
318,Mpohor/Wassa East District,110,101,101,2019-02-07 12:43:21.870658+05:30,101,2019-02-07 12:43:21.870658+05:30,f
319,Nzema East Municipal District,110,101,101,2019-02-07 12:43:21.870658+05:30,101,2019-02-07 12:43:21.870658+05:30,f
320,Prestea-Huni Valley District,110,101,101,2019-02-07 12:43:21.870658+05:30,101,2019-02-07 12:43:21.870658+05:30,f
321,Sefwi Akontombra District,110,101,101,2019-02-07 12:43:21.870658+05:30,101,2019-02-07 12:43:21.870658+05:30,f
322,Sefwi Wiawso Municipal District,110,101,101,2019-02-07 12:43:21.870658+05:30,101,2019-02-07 12:43:21.870658+05:30,f
323,Sekondi Takoradi Metropolitan Assembly,110,101,101,2019-02-07 12:43:21.870658+05:30,101,2019-02-07 12:43:21.870658+05:30,f
324,Shama District,110,101,101,2019-02-07 12:43:21.870658+05:30,101,2019-02-07 12:43:21.870658+05:30,f
325,Suaman District,110,101,101,2019-02-07 12:43:21.870658+05:30,101,2019-02-07 12:43:21.870658+05:30,f
326,Tarkwa-Nsuaem Municipal District,110,101,101,2019-02-07 12:43:21.870658+05:30,101,2019-02-07 12:43:21.870658+05:30,f
327,Wasa Amenfi East District,110,101,101,2019-02-07 12:43:21.870658+05:30,101,2019-02-07 12:43:21.870658+05:30,f
328,Wasa Amenfi West District,110,101,101,2019-02-07 12:43:21.870658+05:30,101,2019-02-07 12:43:21.870658+05:30,f
329,Wassa Amenfi Central District,110,101,101,2019-02-07 12:43:21.870658+05:30,101,2019-02-07 12:43:21.870658+05:30,f
330,Changamwe,111,101,101,2019-02-07 12:43:22.222105+05:30,101,2019-02-07 12:43:22.222105+05:30,f
331,Jomvu,111,101,101,2019-02-07 12:43:22.222105+05:30,101,2019-02-07 12:43:22.222105+05:30,f
332,Kisauni,111,101,101,2019-02-07 12:43:22.222105+05:30,101,2019-02-07 12:43:22.222105+05:30,f
333,Nyali,111,101,101,2019-02-07 12:43:22.222105+05:30,101,2019-02-07 12:43:22.222105+05:30,f
334,Likoni,111,101,101,2019-02-07 12:43:22.222105+05:30,101,2019-02-07 12:43:22.222105+05:30,f
335,Mvita,111,101,101,2019-02-07 12:43:22.222105+05:30,101,2019-02-07 12:43:22.222105+05:30,f
336,Msambweni,112,101,101,2019-02-07 12:43:22.222105+05:30,101,2019-02-07 12:43:22.222105+05:30,f
337,Lunga Lunga,112,101,101,2019-02-07 12:43:22.222105+05:30,101,2019-02-07 12:43:22.222105+05:30,f
338,Matuga,112,101,101,2019-02-07 12:43:22.222105+05:30,101,2019-02-07 12:43:22.222105+05:30,f
339,Kinango,112,101,101,2019-02-07 12:43:22.222105+05:30,101,2019-02-07 12:43:22.222105+05:30,f
340,Kilifi North,113,101,101,2019-02-07 12:43:22.222105+05:30,101,2019-02-07 12:43:22.222105+05:30,f
341,Kilifi South,113,101,101,2019-02-07 12:43:22.222105+05:30,101,2019-02-07 12:43:22.222105+05:30,f
342,Kaloleni,113,101,101,2019-02-07 12:43:22.222105+05:30,101,2019-02-07 12:43:22.222105+05:30,f
343,Rabai,113,101,101,2019-02-07 12:43:22.222105+05:30,101,2019-02-07 12:43:22.222105+05:30,f
344,Ganze,113,101,101,2019-02-07 12:43:22.222105+05:30,101,2019-02-07 12:43:22.222105+05:30,f
345,Malindi,113,101,101,2019-02-07 12:43:22.222105+05:30,101,2019-02-07 12:43:22.222105+05:30,f
346,Magarini,113,101,101,2019-02-07 12:43:22.222105+05:30,101,2019-02-07 12:43:22.222105+05:30,f
347,Garsen ,114,101,101,2019-02-07 12:43:22.222105+05:30,101,2019-02-07 12:43:22.222105+05:30,f
348,Galole,114,101,101,2019-02-07 12:43:22.222105+05:30,101,2019-02-07 12:43:22.222105+05:30,f
349,Bura,114,101,101,2019-02-07 12:43:22.222105+05:30,101,2019-02-07 12:43:22.222105+05:30,f
350,Lamu East,115,101,101,2019-02-07 12:43:22.222105+05:30,101,2019-02-07 12:43:22.222105+05:30,f
351,Lamu West,115,101,101,2019-02-07 12:43:22.222105+05:30,101,2019-02-07 12:43:22.222105+05:30,f
352,Taveta,116,101,101,2019-02-07 12:43:22.222105+05:30,101,2019-02-07 12:43:22.222105+05:30,f
353,Wundanyi,116,101,101,2019-02-07 12:43:22.222105+05:30,101,2019-02-07 12:43:22.222105+05:30,f
354,Mwatate,116,101,101,2019-02-07 12:43:22.222105+05:30,101,2019-02-07 12:43:22.222105+05:30,f
355,Voi,116,101,101,2019-02-07 12:43:22.222105+05:30,101,2019-02-07 12:43:22.222105+05:30,f
356,Dujis,117,101,101,2019-02-07 12:43:22.222105+05:30,101,2019-02-07 12:43:22.222105+05:30,f
357,Balambala,117,101,101,2019-02-07 12:43:22.222105+05:30,101,2019-02-07 12:43:22.222105+05:30,f
358,Lagdera,117,101,101,2019-02-07 12:43:22.222105+05:30,101,2019-02-07 12:43:22.222105+05:30,f
359,Dadaab,117,101,101,2019-02-07 12:43:22.222105+05:30,101,2019-02-07 12:43:22.222105+05:30,f
360,Fafi,117,101,101,2019-02-07 12:43:22.222105+05:30,101,2019-02-07 12:43:22.222105+05:30,f
361,Ijara,117,101,101,2019-02-07 12:43:22.222105+05:30,101,2019-02-07 12:43:22.222105+05:30,f
362,Wajir North,118,101,101,2019-02-07 12:43:22.222105+05:30,101,2019-02-07 12:43:22.222105+05:30,f
363,Wajir East,118,101,101,2019-02-07 12:43:22.222105+05:30,101,2019-02-07 12:43:22.222105+05:30,f
364,Tarbaj,118,101,101,2019-02-07 12:43:22.222105+05:30,101,2019-02-07 12:43:22.222105+05:30,f
365,Wajir West,118,101,101,2019-02-07 12:43:22.222105+05:30,101,2019-02-07 12:43:22.222105+05:30,f
366,Eldas,118,101,101,2019-02-07 12:43:22.222105+05:30,101,2019-02-07 12:43:22.222105+05:30,f
367,Wajir South,118,101,101,2019-02-07 12:43:22.222105+05:30,101,2019-02-07 12:43:22.222105+05:30,f
368,Mandera West,119,101,101,2019-02-07 12:43:22.222105+05:30,101,2019-02-07 12:43:22.222105+05:30,f
369,Banissa,119,101,101,2019-02-07 12:43:22.222105+05:30,101,2019-02-07 12:43:22.222105+05:30,f
370,Mandera North,119,101,101,2019-02-07 12:43:22.222105+05:30,101,2019-02-07 12:43:22.222105+05:30,f
371,Mandera South ,119,101,101,2019-02-07 12:43:22.222105+05:30,101,2019-02-07 12:43:22.222105+05:30,f
372,Mandera East,119,101,101,2019-02-07 12:43:22.222105+05:30,101,2019-02-07 12:43:22.222105+05:30,f
373,Lafey,119,101,101,2019-02-07 12:43:22.222105+05:30,101,2019-02-07 12:43:22.222105+05:30,f
374,Moyale,120,101,101,2019-02-07 12:43:22.222105+05:30,101,2019-02-07 12:43:22.222105+05:30,f
375,North Horr,120,101,101,2019-02-07 12:43:22.222105+05:30,101,2019-02-07 12:43:22.222105+05:30,f
376,Saku,120,101,101,2019-02-07 12:43:22.222105+05:30,101,2019-02-07 12:43:22.222105+05:30,f
533,Mumias,147,101,101,2019-02-07 12:43:22.222105+05:30,101,2019-02-07 12:43:22.222105+05:30,f
377,Laisamis,120,101,101,2019-02-07 12:43:22.222105+05:30,101,2019-02-07 12:43:22.222105+05:30,f
378,Isiolo North,121,101,101,2019-02-07 12:43:22.222105+05:30,101,2019-02-07 12:43:22.222105+05:30,f
379,Isiolo South,121,101,101,2019-02-07 12:43:22.222105+05:30,101,2019-02-07 12:43:22.222105+05:30,f
380,Igembe South,122,101,101,2019-02-07 12:43:22.222105+05:30,101,2019-02-07 12:43:22.222105+05:30,f
381,Igembe Central,122,101,101,2019-02-07 12:43:22.222105+05:30,101,2019-02-07 12:43:22.222105+05:30,f
382,Igembe North,122,101,101,2019-02-07 12:43:22.222105+05:30,101,2019-02-07 12:43:22.222105+05:30,f
383,Tigania West,122,101,101,2019-02-07 12:43:22.222105+05:30,101,2019-02-07 12:43:22.222105+05:30,f
384,Tigania East,122,101,101,2019-02-07 12:43:22.222105+05:30,101,2019-02-07 12:43:22.222105+05:30,f
385,North Imenti,122,101,101,2019-02-07 12:43:22.222105+05:30,101,2019-02-07 12:43:22.222105+05:30,f
386,Buuri,122,101,101,2019-02-07 12:43:22.222105+05:30,101,2019-02-07 12:43:22.222105+05:30,f
387,Central Imenti,122,101,101,2019-02-07 12:43:22.222105+05:30,101,2019-02-07 12:43:22.222105+05:30,f
388,South Imenti,122,101,101,2019-02-07 12:43:22.222105+05:30,101,2019-02-07 12:43:22.222105+05:30,f
389,Nithi,123,101,101,2019-02-07 12:43:22.222105+05:30,101,2019-02-07 12:43:22.222105+05:30,f
390,Maara,123,101,101,2019-02-07 12:43:22.222105+05:30,101,2019-02-07 12:43:22.222105+05:30,f
391,Tharaka,123,101,101,2019-02-07 12:43:22.222105+05:30,101,2019-02-07 12:43:22.222105+05:30,f
392,Manyatta,124,101,101,2019-02-07 12:43:22.222105+05:30,101,2019-02-07 12:43:22.222105+05:30,f
393,Runyenjes,124,101,101,2019-02-07 12:43:22.222105+05:30,101,2019-02-07 12:43:22.222105+05:30,f
394,Gachoka,124,101,101,2019-02-07 12:43:22.222105+05:30,101,2019-02-07 12:43:22.222105+05:30,f
395,Siakago,124,101,101,2019-02-07 12:43:22.222105+05:30,101,2019-02-07 12:43:22.222105+05:30,f
396,Mwingi North,125,101,101,2019-02-07 12:43:22.222105+05:30,101,2019-02-07 12:43:22.222105+05:30,f
397,Mwingi Central,125,101,101,2019-02-07 12:43:22.222105+05:30,101,2019-02-07 12:43:22.222105+05:30,f
398,Mwingi South,125,101,101,2019-02-07 12:43:22.222105+05:30,101,2019-02-07 12:43:22.222105+05:30,f
399,Kitui West,125,101,101,2019-02-07 12:43:22.222105+05:30,101,2019-02-07 12:43:22.222105+05:30,f
400,Kitui Rural,125,101,101,2019-02-07 12:43:22.222105+05:30,101,2019-02-07 12:43:22.222105+05:30,f
401,Kitui Central,125,101,101,2019-02-07 12:43:22.222105+05:30,101,2019-02-07 12:43:22.222105+05:30,f
402,Mutito,125,101,101,2019-02-07 12:43:22.222105+05:30,101,2019-02-07 12:43:22.222105+05:30,f
403,Kitui South,125,101,101,2019-02-07 12:43:22.222105+05:30,101,2019-02-07 12:43:22.222105+05:30,f
404,Masinga,126,101,101,2019-02-07 12:43:22.222105+05:30,101,2019-02-07 12:43:22.222105+05:30,f
405,Yatta,126,101,101,2019-02-07 12:43:22.222105+05:30,101,2019-02-07 12:43:22.222105+05:30,f
406,Kangundo,126,101,101,2019-02-07 12:43:22.222105+05:30,101,2019-02-07 12:43:22.222105+05:30,f
407,Matungulu,126,101,101,2019-02-07 12:43:22.222105+05:30,101,2019-02-07 12:43:22.222105+05:30,f
408,Kathiani,126,101,101,2019-02-07 12:43:22.222105+05:30,101,2019-02-07 12:43:22.222105+05:30,f
409,Mavoko,126,101,101,2019-02-07 12:43:22.222105+05:30,101,2019-02-07 12:43:22.222105+05:30,f
410,Machakos Town,126,101,101,2019-02-07 12:43:22.222105+05:30,101,2019-02-07 12:43:22.222105+05:30,f
411,Mwala,126,101,101,2019-02-07 12:43:22.222105+05:30,101,2019-02-07 12:43:22.222105+05:30,f
412,Mbooni,127,101,101,2019-02-07 12:43:22.222105+05:30,101,2019-02-07 12:43:22.222105+05:30,f
413,Kilome,127,101,101,2019-02-07 12:43:22.222105+05:30,101,2019-02-07 12:43:22.222105+05:30,f
414,Kaiti,127,101,101,2019-02-07 12:43:22.222105+05:30,101,2019-02-07 12:43:22.222105+05:30,f
415,Makueni,127,101,101,2019-02-07 12:43:22.222105+05:30,101,2019-02-07 12:43:22.222105+05:30,f
416,Kibwezi West,127,101,101,2019-02-07 12:43:22.222105+05:30,101,2019-02-07 12:43:22.222105+05:30,f
417,Kibwezi East,127,101,101,2019-02-07 12:43:22.222105+05:30,101,2019-02-07 12:43:22.222105+05:30,f
418,Kinangop,128,101,101,2019-02-07 12:43:22.222105+05:30,101,2019-02-07 12:43:22.222105+05:30,f
419,Kipipiri,128,101,101,2019-02-07 12:43:22.222105+05:30,101,2019-02-07 12:43:22.222105+05:30,f
420,Ol Kalou,128,101,101,2019-02-07 12:43:22.222105+05:30,101,2019-02-07 12:43:22.222105+05:30,f
421,Ol Jorok,128,101,101,2019-02-07 12:43:22.222105+05:30,101,2019-02-07 12:43:22.222105+05:30,f
422,Ndaragwa,128,101,101,2019-02-07 12:43:22.222105+05:30,101,2019-02-07 12:43:22.222105+05:30,f
423,Tetu,129,101,101,2019-02-07 12:43:22.222105+05:30,101,2019-02-07 12:43:22.222105+05:30,f
424,Kieni,129,101,101,2019-02-07 12:43:22.222105+05:30,101,2019-02-07 12:43:22.222105+05:30,f
425,Mathira,129,101,101,2019-02-07 12:43:22.222105+05:30,101,2019-02-07 12:43:22.222105+05:30,f
426,Othaya,129,101,101,2019-02-07 12:43:22.222105+05:30,101,2019-02-07 12:43:22.222105+05:30,f
427,Mukurweini,129,101,101,2019-02-07 12:43:22.222105+05:30,101,2019-02-07 12:43:22.222105+05:30,f
428,Nyeri Town,129,101,101,2019-02-07 12:43:22.222105+05:30,101,2019-02-07 12:43:22.222105+05:30,f
429,Mwea,130,101,101,2019-02-07 12:43:22.222105+05:30,101,2019-02-07 12:43:22.222105+05:30,f
430,Gichugu,130,101,101,2019-02-07 12:43:22.222105+05:30,101,2019-02-07 12:43:22.222105+05:30,f
431,Ndia,130,101,101,2019-02-07 12:43:22.222105+05:30,101,2019-02-07 12:43:22.222105+05:30,f
432,Kirinyaga Central,130,101,101,2019-02-07 12:43:22.222105+05:30,101,2019-02-07 12:43:22.222105+05:30,f
433,Kangema,131,101,101,2019-02-07 12:43:22.222105+05:30,101,2019-02-07 12:43:22.222105+05:30,f
434,Mathioya,131,101,101,2019-02-07 12:43:22.222105+05:30,101,2019-02-07 12:43:22.222105+05:30,f
435,Kiharu,131,101,101,2019-02-07 12:43:22.222105+05:30,101,2019-02-07 12:43:22.222105+05:30,f
436,Kigumo,131,101,101,2019-02-07 12:43:22.222105+05:30,101,2019-02-07 12:43:22.222105+05:30,f
437,Maragwa,131,101,101,2019-02-07 12:43:22.222105+05:30,101,2019-02-07 12:43:22.222105+05:30,f
438,Kandara,131,101,101,2019-02-07 12:43:22.222105+05:30,101,2019-02-07 12:43:22.222105+05:30,f
439,Gatanga,131,101,101,2019-02-07 12:43:22.222105+05:30,101,2019-02-07 12:43:22.222105+05:30,f
440,Gatundu South,132,101,101,2019-02-07 12:43:22.222105+05:30,101,2019-02-07 12:43:22.222105+05:30,f
441,Gatundu North,132,101,101,2019-02-07 12:43:22.222105+05:30,101,2019-02-07 12:43:22.222105+05:30,f
442,Juja ,132,101,101,2019-02-07 12:43:22.222105+05:30,101,2019-02-07 12:43:22.222105+05:30,f
443,Thika Town,132,101,101,2019-02-07 12:43:22.222105+05:30,101,2019-02-07 12:43:22.222105+05:30,f
444,Ruiru,132,101,101,2019-02-07 12:43:22.222105+05:30,101,2019-02-07 12:43:22.222105+05:30,f
445,Githunguri,132,101,101,2019-02-07 12:43:22.222105+05:30,101,2019-02-07 12:43:22.222105+05:30,f
446,Kiambu,132,101,101,2019-02-07 12:43:22.222105+05:30,101,2019-02-07 12:43:22.222105+05:30,f
447,Kiambaa,132,101,101,2019-02-07 12:43:22.222105+05:30,101,2019-02-07 12:43:22.222105+05:30,f
448,Kabete,132,101,101,2019-02-07 12:43:22.222105+05:30,101,2019-02-07 12:43:22.222105+05:30,f
449,Kikuyu,132,101,101,2019-02-07 12:43:22.222105+05:30,101,2019-02-07 12:43:22.222105+05:30,f
450,Limuru,132,101,101,2019-02-07 12:43:22.222105+05:30,101,2019-02-07 12:43:22.222105+05:30,f
451,Lari,132,101,101,2019-02-07 12:43:22.222105+05:30,101,2019-02-07 12:43:22.222105+05:30,f
452,Turkana North,133,101,101,2019-02-07 12:43:22.222105+05:30,101,2019-02-07 12:43:22.222105+05:30,f
453,Turkana West,133,101,101,2019-02-07 12:43:22.222105+05:30,101,2019-02-07 12:43:22.222105+05:30,f
454,Turkana Central,133,101,101,2019-02-07 12:43:22.222105+05:30,101,2019-02-07 12:43:22.222105+05:30,f
456,Turkana South,133,101,101,2019-02-07 12:43:22.222105+05:30,101,2019-02-07 12:43:22.222105+05:30,f
457,Turkana East,133,101,101,2019-02-07 12:43:22.222105+05:30,101,2019-02-07 12:43:22.222105+05:30,f
458,Kapenguria,134,101,101,2019-02-07 12:43:22.222105+05:30,101,2019-02-07 12:43:22.222105+05:30,f
459,Pokot South,134,101,101,2019-02-07 12:43:22.222105+05:30,101,2019-02-07 12:43:22.222105+05:30,f
460,Sigor,134,101,101,2019-02-07 12:43:22.222105+05:30,101,2019-02-07 12:43:22.222105+05:30,f
461,Kacheliba,134,101,101,2019-02-07 12:43:22.222105+05:30,101,2019-02-07 12:43:22.222105+05:30,f
462,Samburu West,135,101,101,2019-02-07 12:43:22.222105+05:30,101,2019-02-07 12:43:22.222105+05:30,f
463,Samburu North,135,101,101,2019-02-07 12:43:22.222105+05:30,101,2019-02-07 12:43:22.222105+05:30,f
464,Samburu East,135,101,101,2019-02-07 12:43:22.222105+05:30,101,2019-02-07 12:43:22.222105+05:30,f
465,Kwanza,136,101,101,2019-02-07 12:43:22.222105+05:30,101,2019-02-07 12:43:22.222105+05:30,f
466,Endebess,136,101,101,2019-02-07 12:43:22.222105+05:30,101,2019-02-07 12:43:22.222105+05:30,f
467,Saboti,136,101,101,2019-02-07 12:43:22.222105+05:30,101,2019-02-07 12:43:22.222105+05:30,f
468,Kiminini,136,101,101,2019-02-07 12:43:22.222105+05:30,101,2019-02-07 12:43:22.222105+05:30,f
469,Cherangany,136,101,101,2019-02-07 12:43:22.222105+05:30,101,2019-02-07 12:43:22.222105+05:30,f
470,Soy,137,101,101,2019-02-07 12:43:22.222105+05:30,101,2019-02-07 12:43:22.222105+05:30,f
471,Turbo,137,101,101,2019-02-07 12:43:22.222105+05:30,101,2019-02-07 12:43:22.222105+05:30,f
472,Moiben,137,101,101,2019-02-07 12:43:22.222105+05:30,101,2019-02-07 12:43:22.222105+05:30,f
473,Ainabkoi,137,101,101,2019-02-07 12:43:22.222105+05:30,101,2019-02-07 12:43:22.222105+05:30,f
474,Kapseret,137,101,101,2019-02-07 12:43:22.222105+05:30,101,2019-02-07 12:43:22.222105+05:30,f
475,Tarakwa,137,101,101,2019-02-07 12:43:22.222105+05:30,101,2019-02-07 12:43:22.222105+05:30,f
476,Marakwet East,138,101,101,2019-02-07 12:43:22.222105+05:30,101,2019-02-07 12:43:22.222105+05:30,f
477,Marakwet West,138,101,101,2019-02-07 12:43:22.222105+05:30,101,2019-02-07 12:43:22.222105+05:30,f
478,Keiyo North,138,101,101,2019-02-07 12:43:22.222105+05:30,101,2019-02-07 12:43:22.222105+05:30,f
479,Keiyo South,138,101,101,2019-02-07 12:43:22.222105+05:30,101,2019-02-07 12:43:22.222105+05:30,f
480,Tinderet,139,101,101,2019-02-07 12:43:22.222105+05:30,101,2019-02-07 12:43:22.222105+05:30,f
481,Nandi Hills,139,101,101,2019-02-07 12:43:22.222105+05:30,101,2019-02-07 12:43:22.222105+05:30,f
482,Aldai,139,101,101,2019-02-07 12:43:22.222105+05:30,101,2019-02-07 12:43:22.222105+05:30,f
483,Emgwen North,139,101,101,2019-02-07 12:43:22.222105+05:30,101,2019-02-07 12:43:22.222105+05:30,f
484,Emgwen South,139,101,101,2019-02-07 12:43:22.222105+05:30,101,2019-02-07 12:43:22.222105+05:30,f
485,Mosop,139,101,101,2019-02-07 12:43:22.222105+05:30,101,2019-02-07 12:43:22.222105+05:30,f
486,Baringo East,140,101,101,2019-02-07 12:43:22.222105+05:30,101,2019-02-07 12:43:22.222105+05:30,f
487,Baringo North,140,101,101,2019-02-07 12:43:22.222105+05:30,101,2019-02-07 12:43:22.222105+05:30,f
488,Baringo Central,140,101,101,2019-02-07 12:43:22.222105+05:30,101,2019-02-07 12:43:22.222105+05:30,f
489,Mochongoi,140,101,101,2019-02-07 12:43:22.222105+05:30,101,2019-02-07 12:43:22.222105+05:30,f
490,Mogotio,140,101,101,2019-02-07 12:43:22.222105+05:30,101,2019-02-07 12:43:22.222105+05:30,f
491,Eldama Ravine,140,101,101,2019-02-07 12:43:22.222105+05:30,101,2019-02-07 12:43:22.222105+05:30,f
492,Laikipia West,141,101,101,2019-02-07 12:43:22.222105+05:30,101,2019-02-07 12:43:22.222105+05:30,f
493,Laikipia East,141,101,101,2019-02-07 12:43:22.222105+05:30,101,2019-02-07 12:43:22.222105+05:30,f
494,Laikipia North,141,101,101,2019-02-07 12:43:22.222105+05:30,101,2019-02-07 12:43:22.222105+05:30,f
495,Molo,142,101,101,2019-02-07 12:43:22.222105+05:30,101,2019-02-07 12:43:22.222105+05:30,f
496,Njoro,142,101,101,2019-02-07 12:43:22.222105+05:30,101,2019-02-07 12:43:22.222105+05:30,f
497,Naivasha,142,101,101,2019-02-07 12:43:22.222105+05:30,101,2019-02-07 12:43:22.222105+05:30,f
498,Gilgil,142,101,101,2019-02-07 12:43:22.222105+05:30,101,2019-02-07 12:43:22.222105+05:30,f
499,Kuresoi South,142,101,101,2019-02-07 12:43:22.222105+05:30,101,2019-02-07 12:43:22.222105+05:30,f
500,Kuresoi North,142,101,101,2019-02-07 12:43:22.222105+05:30,101,2019-02-07 12:43:22.222105+05:30,f
501,Subukia,142,101,101,2019-02-07 12:43:22.222105+05:30,101,2019-02-07 12:43:22.222105+05:30,f
502,Rongai,142,101,101,2019-02-07 12:43:22.222105+05:30,101,2019-02-07 12:43:22.222105+05:30,f
503,Bahati,142,101,101,2019-02-07 12:43:22.222105+05:30,101,2019-02-07 12:43:22.222105+05:30,f
504,Nakuru Town West,142,101,101,2019-02-07 12:43:22.222105+05:30,101,2019-02-07 12:43:22.222105+05:30,f
505,Nakuru Town East,142,101,101,2019-02-07 12:43:22.222105+05:30,101,2019-02-07 12:43:22.222105+05:30,f
506,Kilgoris,143,101,101,2019-02-07 12:43:22.222105+05:30,101,2019-02-07 12:43:22.222105+05:30,f
507,Emurua Dikirr,143,101,101,2019-02-07 12:43:22.222105+05:30,101,2019-02-07 12:43:22.222105+05:30,f
508,Narok North,143,101,101,2019-02-07 12:43:22.222105+05:30,101,2019-02-07 12:43:22.222105+05:30,f
509,Narok East,143,101,101,2019-02-07 12:43:22.222105+05:30,101,2019-02-07 12:43:22.222105+05:30,f
510,Narok South,143,101,101,2019-02-07 12:43:22.222105+05:30,101,2019-02-07 12:43:22.222105+05:30,f
511,Narok West,143,101,101,2019-02-07 12:43:22.222105+05:30,101,2019-02-07 12:43:22.222105+05:30,f
512,Kajiado North,144,101,101,2019-02-07 12:43:22.222105+05:30,101,2019-02-07 12:43:22.222105+05:30,f
513,Kajiado West,144,101,101,2019-02-07 12:43:22.222105+05:30,101,2019-02-07 12:43:22.222105+05:30,f
514,Kajiado East,144,101,101,2019-02-07 12:43:22.222105+05:30,101,2019-02-07 12:43:22.222105+05:30,f
515,Kajiado Central,144,101,101,2019-02-07 12:43:22.222105+05:30,101,2019-02-07 12:43:22.222105+05:30,f
516,Kajiado South,144,101,101,2019-02-07 12:43:22.222105+05:30,101,2019-02-07 12:43:22.222105+05:30,f
517,Kipkelion East,145,101,101,2019-02-07 12:43:22.222105+05:30,101,2019-02-07 12:43:22.222105+05:30,f
518,Kipkelion West,145,101,101,2019-02-07 12:43:22.222105+05:30,101,2019-02-07 12:43:22.222105+05:30,f
519,Ainamoi,145,101,101,2019-02-07 12:43:22.222105+05:30,101,2019-02-07 12:43:22.222105+05:30,f
520,Belgut,145,101,101,2019-02-07 12:43:22.222105+05:30,101,2019-02-07 12:43:22.222105+05:30,f
521,Sigowet,145,101,101,2019-02-07 12:43:22.222105+05:30,101,2019-02-07 12:43:22.222105+05:30,f
522,Bureti,145,101,101,2019-02-07 12:43:22.222105+05:30,101,2019-02-07 12:43:22.222105+05:30,f
523,Sotik,146,101,101,2019-02-07 12:43:22.222105+05:30,101,2019-02-07 12:43:22.222105+05:30,f
524,Chepalungu,146,101,101,2019-02-07 12:43:22.222105+05:30,101,2019-02-07 12:43:22.222105+05:30,f
525,Bomet East,146,101,101,2019-02-07 12:43:22.222105+05:30,101,2019-02-07 12:43:22.222105+05:30,f
526,Bomet Central,146,101,101,2019-02-07 12:43:22.222105+05:30,101,2019-02-07 12:43:22.222105+05:30,f
527,Konoin,146,101,101,2019-02-07 12:43:22.222105+05:30,101,2019-02-07 12:43:22.222105+05:30,f
528,Lugari,147,101,101,2019-02-07 12:43:22.222105+05:30,101,2019-02-07 12:43:22.222105+05:30,f
529,Likuyani,147,101,101,2019-02-07 12:43:22.222105+05:30,101,2019-02-07 12:43:22.222105+05:30,f
530,Malava,147,101,101,2019-02-07 12:43:22.222105+05:30,101,2019-02-07 12:43:22.222105+05:30,f
531,Lurambi,147,101,101,2019-02-07 12:43:22.222105+05:30,101,2019-02-07 12:43:22.222105+05:30,f
532,Navakholo,147,101,101,2019-02-07 12:43:22.222105+05:30,101,2019-02-07 12:43:22.222105+05:30,f
534,Mumias East,147,101,101,2019-02-07 12:43:22.222105+05:30,101,2019-02-07 12:43:22.222105+05:30,f
535,Matungu,147,101,101,2019-02-07 12:43:22.222105+05:30,101,2019-02-07 12:43:22.222105+05:30,f
536,Butere,147,101,101,2019-02-07 12:43:22.222105+05:30,101,2019-02-07 12:43:22.222105+05:30,f
537,Khwisero,147,101,101,2019-02-07 12:43:22.222105+05:30,101,2019-02-07 12:43:22.222105+05:30,f
538,Shinyalu,147,101,101,2019-02-07 12:43:22.222105+05:30,101,2019-02-07 12:43:22.222105+05:30,f
539,Ikolomani,147,101,101,2019-02-07 12:43:22.222105+05:30,101,2019-02-07 12:43:22.222105+05:30,f
540,Vihiga,148,101,101,2019-02-07 12:43:22.222105+05:30,101,2019-02-07 12:43:22.222105+05:30,f
541,Sabatia,148,101,101,2019-02-07 12:43:22.222105+05:30,101,2019-02-07 12:43:22.222105+05:30,f
542,Hamisi,148,101,101,2019-02-07 12:43:22.222105+05:30,101,2019-02-07 12:43:22.222105+05:30,f
543,Emuhaya,148,101,101,2019-02-07 12:43:22.222105+05:30,101,2019-02-07 12:43:22.222105+05:30,f
544,Luanda,148,101,101,2019-02-07 12:43:22.222105+05:30,101,2019-02-07 12:43:22.222105+05:30,f
545,Mt. Elgon,149,101,101,2019-02-07 12:43:22.222105+05:30,101,2019-02-07 12:43:22.222105+05:30,f
546,Sirisia,149,101,101,2019-02-07 12:43:22.222105+05:30,101,2019-02-07 12:43:22.222105+05:30,f
547,Kabuchai,149,101,101,2019-02-07 12:43:22.222105+05:30,101,2019-02-07 12:43:22.222105+05:30,f
548,Bumula,149,101,101,2019-02-07 12:43:22.222105+05:30,101,2019-02-07 12:43:22.222105+05:30,f
549,Kandunyi,149,101,101,2019-02-07 12:43:22.222105+05:30,101,2019-02-07 12:43:22.222105+05:30,f
550,Webuye,149,101,101,2019-02-07 12:43:22.222105+05:30,101,2019-02-07 12:43:22.222105+05:30,f
551,Bokoli,149,101,101,2019-02-07 12:43:22.222105+05:30,101,2019-02-07 12:43:22.222105+05:30,f
552,Kimilili,149,101,101,2019-02-07 12:43:22.222105+05:30,101,2019-02-07 12:43:22.222105+05:30,f
553,Tongaren,149,101,101,2019-02-07 12:43:22.222105+05:30,101,2019-02-07 12:43:22.222105+05:30,f
554,Teso North,150,101,101,2019-02-07 12:43:22.222105+05:30,101,2019-02-07 12:43:22.222105+05:30,f
555,Teso South,150,101,101,2019-02-07 12:43:22.222105+05:30,101,2019-02-07 12:43:22.222105+05:30,f
556,Nambale,150,101,101,2019-02-07 12:43:22.222105+05:30,101,2019-02-07 12:43:22.222105+05:30,f
557,Matayos,150,101,101,2019-02-07 12:43:22.222105+05:30,101,2019-02-07 12:43:22.222105+05:30,f
558,Butula,150,101,101,2019-02-07 12:43:22.222105+05:30,101,2019-02-07 12:43:22.222105+05:30,f
559,Funyula ,150,101,101,2019-02-07 12:43:22.222105+05:30,101,2019-02-07 12:43:22.222105+05:30,f
560,Budalangi,150,101,101,2019-02-07 12:43:22.222105+05:30,101,2019-02-07 12:43:22.222105+05:30,f
561,Ugenya,151,101,101,2019-02-07 12:43:22.222105+05:30,101,2019-02-07 12:43:22.222105+05:30,f
562,Ugunja,151,101,101,2019-02-07 12:43:22.222105+05:30,101,2019-02-07 12:43:22.222105+05:30,f
563,Alego Usonga,151,101,101,2019-02-07 12:43:22.222105+05:30,101,2019-02-07 12:43:22.222105+05:30,f
564,Gem,151,101,101,2019-02-07 12:43:22.222105+05:30,101,2019-02-07 12:43:22.222105+05:30,f
565,Bondo,151,101,101,2019-02-07 12:43:22.222105+05:30,101,2019-02-07 12:43:22.222105+05:30,f
566,Rarieda,151,101,101,2019-02-07 12:43:22.222105+05:30,101,2019-02-07 12:43:22.222105+05:30,f
567,Kisumu East,152,101,101,2019-02-07 12:43:22.222105+05:30,101,2019-02-07 12:43:22.222105+05:30,f
568,Kisumu West,152,101,101,2019-02-07 12:43:22.222105+05:30,101,2019-02-07 12:43:22.222105+05:30,f
569,Kisumu Central,152,101,101,2019-02-07 12:43:22.222105+05:30,101,2019-02-07 12:43:22.222105+05:30,f
570,Seme,152,101,101,2019-02-07 12:43:22.222105+05:30,101,2019-02-07 12:43:22.222105+05:30,f
571,Nyando,152,101,101,2019-02-07 12:43:22.222105+05:30,101,2019-02-07 12:43:22.222105+05:30,f
572,Muhoroni,152,101,101,2019-02-07 12:43:22.222105+05:30,101,2019-02-07 12:43:22.222105+05:30,f
573,Nyakach,152,101,101,2019-02-07 12:43:22.222105+05:30,101,2019-02-07 12:43:22.222105+05:30,f
574,Kasipul,153,101,101,2019-02-07 12:43:22.222105+05:30,101,2019-02-07 12:43:22.222105+05:30,f
575,Kabondo,153,101,101,2019-02-07 12:43:22.222105+05:30,101,2019-02-07 12:43:22.222105+05:30,f
576,Karachuonyo,153,101,101,2019-02-07 12:43:22.222105+05:30,101,2019-02-07 12:43:22.222105+05:30,f
577,Rangwe,153,101,101,2019-02-07 12:43:22.222105+05:30,101,2019-02-07 12:43:22.222105+05:30,f
578,Homa Bay Town,153,101,101,2019-02-07 12:43:22.222105+05:30,101,2019-02-07 12:43:22.222105+05:30,f
579,Ndhiwa,153,101,101,2019-02-07 12:43:22.222105+05:30,101,2019-02-07 12:43:22.222105+05:30,f
580,Mbita,153,101,101,2019-02-07 12:43:22.222105+05:30,101,2019-02-07 12:43:22.222105+05:30,f
581,Gwasi,153,101,101,2019-02-07 12:43:22.222105+05:30,101,2019-02-07 12:43:22.222105+05:30,f
582,Rongo,154,101,101,2019-02-07 12:43:22.222105+05:30,101,2019-02-07 12:43:22.222105+05:30,f
583,Awendo,154,101,101,2019-02-07 12:43:22.222105+05:30,101,2019-02-07 12:43:22.222105+05:30,f
584,Migori East,154,101,101,2019-02-07 12:43:22.222105+05:30,101,2019-02-07 12:43:22.222105+05:30,f
585,Migori West,154,101,101,2019-02-07 12:43:22.222105+05:30,101,2019-02-07 12:43:22.222105+05:30,f
586,Uriri,154,101,101,2019-02-07 12:43:22.222105+05:30,101,2019-02-07 12:43:22.222105+05:30,f
587,Nyatike,154,101,101,2019-02-07 12:43:22.222105+05:30,101,2019-02-07 12:43:22.222105+05:30,f
588,Kuria East,154,101,101,2019-02-07 12:43:22.222105+05:30,101,2019-02-07 12:43:22.222105+05:30,f
589,Kuria West,154,101,101,2019-02-07 12:43:22.222105+05:30,101,2019-02-07 12:43:22.222105+05:30,f
590,Bonchari,155,101,101,2019-02-07 12:43:22.222105+05:30,101,2019-02-07 12:43:22.222105+05:30,f
591,South Mugirango,155,101,101,2019-02-07 12:43:22.222105+05:30,101,2019-02-07 12:43:22.222105+05:30,f
592,Bomachoge,155,101,101,2019-02-07 12:43:22.222105+05:30,101,2019-02-07 12:43:22.222105+05:30,f
593,Bobasi,155,101,101,2019-02-07 12:43:22.222105+05:30,101,2019-02-07 12:43:22.222105+05:30,f
594,Gucha,155,101,101,2019-02-07 12:43:22.222105+05:30,101,2019-02-07 12:43:22.222105+05:30,f
595,Nyaribari Masaba,155,101,101,2019-02-07 12:43:22.222105+05:30,101,2019-02-07 12:43:22.222105+05:30,f
596,Nyaribari Chache,155,101,101,2019-02-07 12:43:22.222105+05:30,101,2019-02-07 12:43:22.222105+05:30,f
597,Marani,155,101,101,2019-02-07 12:43:22.222105+05:30,101,2019-02-07 12:43:22.222105+05:30,f
598,Mosocho,155,101,101,2019-02-07 12:43:22.222105+05:30,101,2019-02-07 12:43:22.222105+05:30,f
599,Kitutu Masaba,156,101,101,2019-02-07 12:43:22.222105+05:30,101,2019-02-07 12:43:22.222105+05:30,f
600,West Mugirango,156,101,101,2019-02-07 12:43:22.222105+05:30,101,2019-02-07 12:43:22.222105+05:30,f
601,North Mugirango,156,101,101,2019-02-07 12:43:22.222105+05:30,101,2019-02-07 12:43:22.222105+05:30,f
602,Borabu,156,101,101,2019-02-07 12:43:22.222105+05:30,101,2019-02-07 12:43:22.222105+05:30,f
603,Westlands,157,101,101,2019-02-07 12:43:22.222105+05:30,101,2019-02-07 12:43:22.222105+05:30,f
604,Kawangware,157,101,101,2019-02-07 12:43:22.222105+05:30,101,2019-02-07 12:43:22.222105+05:30,f
605,Dagoretti,157,101,101,2019-02-07 12:43:22.222105+05:30,101,2019-02-07 12:43:22.222105+05:30,f
606,Karen-Langata,157,101,101,2019-02-07 12:43:22.222105+05:30,101,2019-02-07 12:43:22.222105+05:30,f
607,Kibra,157,101,101,2019-02-07 12:43:22.222105+05:30,101,2019-02-07 12:43:22.222105+05:30,f
608,Kasarani,157,101,101,2019-02-07 12:43:22.222105+05:30,101,2019-02-07 12:43:22.222105+05:30,f
609,Roysambu ,157,101,101,2019-02-07 12:43:22.222105+05:30,101,2019-02-07 12:43:22.222105+05:30,f
610,Ruaraka,157,101,101,2019-02-07 12:43:22.222105+05:30,101,2019-02-07 12:43:22.222105+05:30,f
611,Embakasi,157,101,101,2019-02-07 12:43:22.222105+05:30,101,2019-02-07 12:43:22.222105+05:30,f
612,Kariobangi,157,101,101,2019-02-07 12:43:22.222105+05:30,101,2019-02-07 12:43:22.222105+05:30,f
613,Kayole,157,101,101,2019-02-07 12:43:22.222105+05:30,101,2019-02-07 12:43:22.222105+05:30,f
614,Mihango,157,101,101,2019-02-07 12:43:22.222105+05:30,101,2019-02-07 12:43:22.222105+05:30,f
615,Umoja,157,101,101,2019-02-07 12:43:22.222105+05:30,101,2019-02-07 12:43:22.222105+05:30,f
616,Makadara,157,101,101,2019-02-07 12:43:22.222105+05:30,101,2019-02-07 12:43:22.222105+05:30,f
617,Kamkunji,157,101,101,2019-02-07 12:43:22.222105+05:30,101,2019-02-07 12:43:22.222105+05:30,f
618,Starahe,157,101,101,2019-02-07 12:43:22.222105+05:30,101,2019-02-07 12:43:22.222105+05:30,f
619,Mathare,157,101,101,2019-02-07 12:43:22.222105+05:30,101,2019-02-07 12:43:22.222105+05:30,f
