UserContactID,UserID,CreatedBy,CreatedDatetime,UpdatedBy,UpdatedDatetime,CountryCode,PhoneNumber,IsDeleted
101,101,101,2017-03-16 18:35:24.183089+05:30,101,2017-03-16 18:35:24.183089+05:30,233,46546824984515,f
105,105,101,2018-01-16 13:11:01.19977+05:30,101,2018-01-16 13:11:01.19977+05:30,233,5454545456,f
106,106,101,2018-01-16 13:11:01.19977+05:30,101,2018-01-16 13:11:01.19977+05:30,233,3454654656,f
143,143,101,2018-01-18 13:05:47.219363+05:30,,2018-01-23 15:39:35.797372+05:30,233,5666576788,f
108,108,101,2018-01-16 14:18:57.348031+05:30,107,2018-01-16 17:26:17.982249+05:30,233,1111111111,f
107,107,101,2018-01-16 14:18:57.348031+05:30,108,2018-01-16 17:27:19.679712+05:30,233,1111111111,f
113,113,101,2018-01-16 17:40:04.977482+05:30,101,2018-01-16 17:40:04.977482+05:30,233,7657456789,f
114,114,109,2018-01-16 14:45:30.783268+05:30,109,2018-01-16 14:45:30.783268+05:30,233,2222222222,f
109,109,101,2018-01-16 14:26:17.244832+05:30,114,2018-01-16 19:25:20.647243+05:30,233,1111111111,f
138,138,101,2018-01-18 12:59:37.314366+05:30,101,2018-05-31 23:12:28.81214+05:30,233,544488977,f
121,121,101,2018-01-17 20:36:15.190016+05:30,101,2018-01-17 20:36:15.190016+05:30,233,3333333333,f
122,122,112,2018-01-17 23:28:28.069826+05:30,112,2018-01-17 23:28:28.069826+05:30,233,101111111,f
170,170,101,2018-01-23 15:34:02.550648+05:30,101,2018-01-23 17:14:10.460685+05:30,000,7686778979,f
123,123,101,2018-01-18 03:04:08.556712+05:30,101,2018-01-18 03:04:08.556712+05:30,233,247775121,f
125,125,107,2018-01-18 03:19:53.455182+05:30,107,2018-01-18 03:19:53.455182+05:30,233,266752758,f
126,126,101,2018-01-18 10:38:26.846802+05:30,101,2018-01-18 10:38:26.846802+05:30,254,0724132413,f
127,127,101,2018-01-18 10:42:16.652147+05:30,101,2018-01-18 10:42:16.652147+05:30,254,0711781299,f
128,128,101,2018-01-18 10:42:16.652147+05:30,101,2018-01-18 10:42:16.652147+05:30,254,0711781299,f
129,129,101,2018-01-18 10:45:48.562617+05:30,101,2018-01-18 10:45:48.562617+05:30,254,0725706904,f
130,130,101,2018-01-18 10:45:48.562617+05:30,101,2018-01-18 10:45:48.562617+05:30,254,0725706904,f
131,131,101,2018-01-18 10:53:31.434997+05:30,101,2018-01-18 10:53:31.434997+05:30,254,0723432134,f
132,132,101,2018-01-18 10:56:10.799136+05:30,101,2018-01-18 10:56:10.799136+05:30,254,0726314046,f
149,149,101,2018-01-19 16:18:39.362678+05:30,150,2018-01-23 11:29:23.391335+05:30,233,1111111111,f
151,151,101,2018-01-19 19:47:49.165421+05:30,,2018-01-23 15:39:35.797372+05:30,233,4554665767,f
115,115,110,2018-01-16 17:44:58.922996+05:30,,2018-01-18 12:49:25.317071+05:30,233,3333333333,f
110,110,101,2018-01-16 14:29:51.406202+05:30,,2018-01-18 12:49:25.317071+05:30,233,3333333333,f
166,166,101,2018-01-23 14:48:50.831032+05:30,,2018-06-05 12:45:32.907326+05:30,233,1111111111,f
136,136,101,2018-01-18 12:49:25.317071+05:30,101,2018-01-18 12:49:25.317071+05:30,233,4354456565,f
135,135,101,2018-01-18 12:42:35.533725+05:30,,2018-01-18 12:52:14.602448+05:30,233,3454546456,f
137,137,101,2018-01-18 12:52:14.602448+05:30,101,2018-01-18 12:52:14.602448+05:30,233,4566567675,f
141,141,101,2018-01-18 13:04:00.282315+05:30,101,2018-01-18 13:04:00.282315+05:30,233,1111111111,f
120,120,101,2018-01-17 15:52:28.744421+05:30,,2018-01-18 13:04:46.644175+05:30,254,9035284887,f
134,134,101,2018-01-18 12:34:09.737002+05:30,,2018-01-18 13:04:46.644175+05:30,254,8767856467,f
142,142,101,2018-01-18 13:04:46.644175+05:30,101,2018-01-18 13:04:46.644175+05:30,254,1111111111,f
175,175,101,2018-01-23 17:51:04.883033+05:30,,2018-01-23 21:07:14.997418+05:30,233,1111111111,f
144,144,101,2018-01-18 13:30:22.017935+05:30,,2018-01-24 15:05:42.883388+05:30,233,3333333333,f
146,146,101,2018-01-18 14:22:09.75098+05:30,,2018-01-18 14:23:16.897653+05:30,233,3545445654,f
147,147,101,2018-01-18 14:23:16.897653+05:30,101,2018-01-18 14:23:16.897653+05:30,233,3545454656,f
112,112,101,2018-01-16 14:35:10.403668+05:30,111,2018-01-18 14:28:47.955958+05:30,233,1111111110,f
163,163,101,2018-01-23 14:08:17.78154+05:30,101,2018-01-23 14:08:17.78154+05:30,91,1265464656,f
111,111,101,2018-01-16 14:35:10.403668+05:30,111,2018-01-18 14:30:36.883167+05:30,233,0111111112,f
167,167,101,2018-01-23 14:48:50.831032+05:30,,2018-06-05 12:45:32.907326+05:30,233,1111111111,f
145,145,101,2018-01-18 13:31:02.163338+05:30,,2018-01-24 15:05:42.883388+05:30,233,000111111,f
148,148,119,2018-01-18 14:36:56.726399+05:30,119,2018-01-18 14:36:56.726399+05:30,233,1111112222,f
118,118,101,2018-01-16 17:52:54.937738+05:30,119,2018-01-18 15:34:01.824438+05:30,233,3333333333,f
172,172,101,2018-01-23 15:39:35.797372+05:30,101,2018-01-23 15:39:35.797372+05:30,233,1111111111,f
119,119,101,2018-01-16 17:52:54.937738+05:30,119,2018-01-18 15:35:02.849474+05:30,233,333333322,f
152,152,150,2018-01-22 14:31:53.859598+05:30,150,2018-01-22 14:31:53.859598+05:30,233,2555555555,f
156,156,101,2018-01-22 17:56:56.696081+05:30,,2018-01-22 17:57:30.835133+05:30,91,8797965749,f
154,154,101,2018-01-22 17:53:52.294935+05:30,,2018-01-22 17:57:50.961887+05:30,91,3894723974,f
155,155,101,2018-01-22 17:54:56.186615+05:30,,2018-01-22 17:57:50.961887+05:30,91,2345555564,f
153,153,101,2018-01-22 17:51:35.145881+05:30,,2018-01-22 18:45:41.047292+05:30,91,1234674887,f
159,159,101,2018-01-22 19:29:59.961763+05:30,101,2018-01-22 19:29:59.961763+05:30,233,0890890898,f
179,179,101,2018-01-23 21:07:14.997418+05:30,101,2018-01-23 21:07:14.997418+05:30,233,1111111111,f
139,139,101,2018-01-18 13:02:59.765458+05:30,,2018-01-22 19:36:43.824931+05:30,233,1111111111,f
162,162,101,2018-01-23 11:56:38.008858+05:30,101,2018-01-23 15:28:34.820782+05:30,233,1111111111,f
168,168,101,2018-01-23 15:30:43.654387+05:30,101,2018-01-23 15:30:43.654387+05:30,233,1111111111,f
169,169,101,2018-01-23 15:32:59.913518+05:30,101,2018-01-23 15:32:59.913518+05:30,233,1111111111,f
171,171,101,2018-01-23 15:38:53.730648+05:30,101,2018-01-23 15:38:53.730648+05:30,233,1231265346,f
140,140,101,2018-01-18 13:03:10.90987+05:30,,2018-01-23 15:39:35.797372+05:30,233,5345456556,f
116,116,101,2018-01-16 17:50:03.846171+05:30,,2018-01-24 15:11:49.941453+05:30,233,2222222223,f
174,174,101,2018-01-23 17:15:15.191296+05:30,101,2018-01-23 17:40:57.54735+05:30,233,1111111111,f
177,177,101,2018-01-23 17:55:22.990556+05:30,101,2018-01-23 17:55:22.990556+05:30,233,1111111111,f
157,157,101,2018-01-22 17:58:37.904875+05:30,101,2018-01-23 18:34:44.165663+05:30,91,5666666666,f
178,178,101,2018-01-23 19:02:31.470166+05:30,101,2018-01-23 19:02:31.470166+05:30,233,5646546545,f
133,133,101,2018-01-18 12:29:30.644331+05:30,,2018-05-25 11:38:59.725408+05:30,233,8987656787,f
176,176,101,2018-01-23 17:51:04.883033+05:30,,2018-01-23 21:07:14.997418+05:30,233,1111111111,f
180,180,101,2018-01-23 21:08:10.120332+05:30,,2018-01-23 21:08:45.04843+05:30,233,1111111111,f
181,181,101,2018-01-23 21:08:45.04843+05:30,101,2018-01-23 21:08:45.04843+05:30,233,1111111111,f
182,182,101,2018-01-23 21:09:53.465608+05:30,,2018-01-23 21:11:28.9922+05:30,233,1111111111,f
183,183,101,2018-01-23 21:11:28.9922+05:30,101,2018-01-23 21:11:28.9922+05:30,233,2222222222,f
117,117,101,2018-01-16 17:50:03.846171+05:30,,2018-01-24 15:11:49.941453+05:30,233,2222222223,f
104,104,101,2018-01-16 13:02:14.956572+05:30,,2018-05-25 11:29:06.913015+05:30,233,7654345678,f
165,165,161,2018-01-23 14:10:38.992532+05:30,,2018-05-28 14:31:01.67383+05:30,91,1234567890,f
164,164,161,2018-01-23 14:09:59.811358+05:30,,2018-05-28 14:31:01.67383+05:30,91,1111111111,f
173,173,101,2018-01-23 16:12:24.316298+05:30,,2018-01-24 10:27:12.779488+05:30,233,1111111111,f
239,239,223,2018-05-24 18:07:13.099266+05:30,223,2018-05-29 14:56:31.655769+05:30,254,9517324685,f
185,185,101,2018-01-24 13:10:16.180168+05:30,,2018-01-24 13:12:39.619466+05:30,233,1111111111,f
186,186,101,2018-01-24 13:10:16.180168+05:30,,2018-01-24 13:12:39.619466+05:30,233,1111111111,f
222,222,101,2018-04-13 12:53:31.566623+05:30,101,2018-04-13 12:53:31.566623+05:30,91,4546546565,f
224,224,161,2018-05-24 14:43:21.001871+05:30,161,2018-05-24 14:43:21.001871+05:30,91,6586858535,f
246,246,101,2018-05-25 11:35:15.535109+05:30,,2018-05-25 11:36:41.081671+05:30,14,1234556789,f
206,206,205,2018-01-25 15:38:20.610284+05:30,,2018-05-25 11:38:59.725408+05:30,91,1234567999,f
187,187,101,2018-01-24 13:32:30.70578+05:30,101,2018-01-24 13:32:30.70578+05:30,233,1111111111,f
245,245,101,2018-05-25 11:35:15.535109+05:30,,2018-05-25 12:25:41.994804+05:30,14,1234567890,f
188,188,101,2018-01-24 14:19:14.833889+05:30,101,2018-01-24 14:19:14.833889+05:30,233,4354546566,f
247,247,101,2018-05-25 12:25:41.994804+05:30,101,2018-05-25 12:25:41.994804+05:30,11,4114356765,f
189,189,101,2018-01-24 14:43:10.041152+05:30,101,2018-01-24 14:43:10.041152+05:30,233,1111111111,f
248,248,101,2018-05-25 12:30:55.729709+05:30,101,2018-05-25 12:30:55.729709+05:30,11,5438953984,f
190,190,101,2018-01-24 14:57:18.646518+05:30,101,2018-01-24 14:57:18.646518+05:30,233,1111111111,f
191,191,101,2018-01-24 15:02:23.3213+05:30,145,2018-01-24 15:03:37.767528+05:30,233,1111111111,f
192,192,145,2018-01-24 15:05:14.778468+05:30,145,2018-01-24 15:05:14.778468+05:30,233,1111111111,f
194,194,117,2018-01-24 15:09:18.212462+05:30,117,2018-01-24 15:09:18.212462+05:30,233,1111111111,f
193,193,101,2018-01-24 15:07:20.648543+05:30,,2018-01-24 15:11:49.941453+05:30,233,1111111111,f
249,249,101,2018-05-25 12:32:05.021573+05:30,101,2018-05-25 12:32:05.021573+05:30,11,4389437583,f
195,195,101,2018-01-24 15:22:28.846483+05:30,101,2018-01-24 15:22:28.846483+05:30,233,012345678,f
196,196,101,2018-01-24 15:22:28.846483+05:30,101,2018-01-24 15:22:28.846483+05:30,233,012345699,f
225,225,101,2018-05-24 15:27:01.679325+05:30,101,2018-05-24 15:27:01.679325+05:30,321,0987654322,f
197,197,101,2018-01-24 15:30:12.17433+05:30,101,2018-01-24 15:30:12.17433+05:30,233,3435454656,f
198,198,101,2018-01-24 15:37:49.138213+05:30,101,2018-01-24 15:37:49.138213+05:30,233,3544645675,f
199,199,101,2018-01-24 16:15:20.213998+05:30,101,2018-01-24 16:15:20.213998+05:30,233,3545454645,f
200,200,101,2018-01-24 16:18:06.832345+05:30,101,2018-01-24 16:18:06.832345+05:30,233,3545466565,f
201,201,101,2018-01-24 16:49:31.971005+05:30,101,2018-01-24 16:49:31.971005+05:30,233,3545464645,f
202,202,101,2018-01-24 17:08:17.010458+05:30,101,2018-01-24 17:08:17.010458+05:30,233,3455464646,f
203,203,101,2018-01-24 17:09:52.463528+05:30,101,2018-01-24 17:09:52.463528+05:30,233,1111111111,f
204,204,101,2018-01-24 17:17:22.324363+05:30,101,2018-01-24 17:17:22.324363+05:30,233,1111111111,f
226,226,101,2018-05-24 15:27:49.104577+05:30,101,2018-05-24 15:27:49.104577+05:30,321,5898454548,f
160,160,101,2018-01-22 19:54:46.994795+05:30,150,2018-01-25 17:26:49.532465+05:30,233,1111111111,f
227,227,101,2018-05-24 15:29:50.553101+05:30,101,2018-05-24 15:29:50.553101+05:30,321,5489632147,f
228,228,101,2018-05-24 15:30:28.992961+05:30,101,2018-05-24 15:30:28.992961+05:30,321,4354354454,f
229,229,101,2018-05-24 15:30:55.566021+05:30,101,2018-05-24 15:30:55.566021+05:30,254,5654656565,f
209,209,101,2018-01-25 17:35:17.301369+05:30,208,2018-01-25 17:50:50.941043+05:30,233,1111111111,f
207,207,150,2018-01-25 17:24:23.369117+05:30,208,2018-01-25 17:52:20.552248+05:30,233,247775121,f
208,208,101,2018-01-25 17:35:17.301369+05:30,209,2018-01-25 17:56:23.772936+05:30,233,1111111111,f
205,205,101,2018-01-25 11:44:46.698709+05:30,101,2018-01-25 20:34:46.960197+05:30,91,123456789,f
184,184,101,2018-01-23 21:12:23.185942+05:30,101,2018-01-25 20:39:28.592121+05:30,233,1111111111,f
230,230,101,2018-05-24 15:31:29.752958+05:30,101,2018-05-24 15:31:29.752958+05:30,254,5646546565,f
231,231,101,2018-05-24 15:36:07.10708+05:30,101,2018-05-24 15:36:23.070215+05:30,254,2345678999,f
250,250,101,2018-05-25 12:32:05.021573+05:30,101,2018-05-25 12:32:05.021573+05:30,11,7657487648,f
234,234,101,2018-05-24 18:02:00.554493+05:30,101,2018-05-24 18:02:00.554493+05:30,233,4545454646,f
251,251,101,2018-05-25 12:59:34.965732+05:30,251,2018-05-30 12:27:23.532686+05:30,233,1234567890,f
223,223,101,2018-05-24 14:26:18.681201+05:30,223,2018-06-14 15:28:44.876463+05:30,254,7259685187,f
214,214,101,2018-02-12 15:23:38.172772+05:30,101,2018-02-12 15:23:38.172772+05:30,91,9874525868,f
215,215,101,2018-02-12 15:23:38.172772+05:30,101,2018-02-12 15:23:38.172772+05:30,91,9874525868,f
216,216,101,2018-02-13 09:35:09.897421+05:30,101,2018-02-13 09:35:09.897421+05:30,91,7687897897,f
217,217,101,2018-02-13 14:31:44.096726+05:30,101,2018-02-13 14:31:44.096726+05:30,91,9874525868,f
218,218,101,2018-02-13 14:31:44.096726+05:30,101,2018-02-13 14:31:44.096726+05:30,91,9874525868,f
219,219,101,2018-02-14 16:54:59.729217+05:30,101,2018-02-14 16:54:59.729217+05:30,91,1545646545,f
236,236,101,2018-05-24 18:04:59.569229+05:30,101,2018-05-24 18:04:59.569229+05:30,233,3345454544,f
237,237,223,2018-05-24 17:57:04.732247+05:30,223,2018-05-24 17:57:04.732247+05:30,254,9632587412,f
238,238,223,2018-05-24 18:06:03.136119+05:30,223,2018-05-24 18:06:03.136119+05:30,254,9632587412,f
240,240,223,2018-05-25 10:51:56.0077+05:30,223,2018-05-25 10:51:56.0077+05:30,254,5766577563,f
235,235,223,2018-05-24 18:03:17.65643+05:30,223,2018-06-14 12:43:48.675011+05:30,254,5445754585,f
241,241,223,2018-05-25 11:16:52.304228+05:30,223,2018-05-25 11:16:52.304228+05:30,254,9632587412,f
242,242,223,2018-05-25 11:19:24.774928+05:30,223,2018-05-25 11:19:24.774928+05:30,254,9888866558,f
244,244,101,2018-05-25 11:30:32.213176+05:30,101,2018-05-25 11:30:32.213176+05:30,14,123457890,f
243,243,101,2018-05-25 11:29:06.913015+05:30,,2018-05-25 11:31:12.8865+05:30,11,1234567890,f
258,258,101,2018-05-25 13:08:58.928718+05:30,101,2018-05-25 13:08:58.928718+05:30,233,1234567890,f
256,256,101,2018-05-25 13:05:54.55014+05:30,101,2018-05-25 13:05:54.55014+05:30,91,9742352128,f
260,260,101,2018-05-25 13:11:34.22453+05:30,101,2018-05-25 13:11:34.22453+05:30,233,1234567890,f
261,261,101,2018-05-25 13:11:34.22453+05:30,101,2018-05-25 13:11:34.22453+05:30,233,1234567890,f
262,262,101,2018-05-25 13:11:34.22453+05:30,101,2018-05-25 13:11:34.22453+05:30,91,9742352128,f
263,263,101,2018-05-25 14:55:55.342252+05:30,101,2018-05-25 14:55:55.342252+05:30,91,9742352128,f
255,255,101,2018-05-25 13:05:08.288267+05:30,255,2018-08-23 15:57:52.763115+05:30,233,1234567890,f
211,211,101,2018-02-01 17:25:00.50486+05:30,,2018-05-28 14:31:01.67383+05:30,91,123456789,f
253,253,101,2018-05-25 13:03:06.702954+05:30,,2018-05-30 12:11:21.090527+05:30,91,9742352128,f
233,233,223,2018-05-24 18:01:59.329013+05:30,223,2018-06-01 15:07:10.100185+05:30,254,8866565432,f
213,213,101,2018-02-01 17:38:09.229849+05:30,,2018-05-28 14:31:01.67383+05:30,91,2344444444,f
158,158,101,2018-01-22 18:45:41.047292+05:30,,2018-05-28 14:31:01.67383+05:30,91,7899999999,f
220,220,161,2018-03-16 15:19:13.811942+05:30,,2018-05-28 14:31:01.67383+05:30,91,5565666655,f
212,212,161,2018-02-01 17:29:53.843526+05:30,,2018-05-28 14:31:01.67383+05:30,91,1234549949,f
221,221,161,2018-04-02 07:20:02.698638+05:30,,2018-05-28 14:31:01.67383+05:30,91,258963741,f
150,150,101,2018-01-19 16:18:39.362678+05:30,,2018-05-28 14:31:01.67383+05:30,233,8880591652,f
210,210,150,2018-01-25 19:21:49.305763+05:30,,2018-05-28 14:31:01.67383+05:30,91,1234567890,f
312,312,101,2018-06-05 12:45:32.907326+05:30,101,2018-06-05 12:45:32.907326+05:30,233,6756565654,f
266,266,257,2018-05-29 11:54:14.275612+05:30,257,2018-05-29 11:54:14.275612+05:30,233,1234567890,f
267,267,254,2018-05-29 11:56:55.618347+05:30,254,2018-05-29 11:56:55.618347+05:30,233,1234567890,f
268,268,251,2018-05-29 12:03:43.933589+05:30,251,2018-05-29 12:03:43.933589+05:30,233,1234567890,f
269,269,223,2018-05-29 14:35:54.308727+05:30,223,2018-05-29 14:35:54.308727+05:30,254,5756755644,f
270,270,223,2018-05-29 14:43:53.542091+05:30,223,2018-05-29 14:43:53.542091+05:30,254,8481585569,f
271,271,267,2018-05-29 15:00:25.800488+05:30,267,2018-05-29 15:00:25.800488+05:30,233,1234567890,f
313,313,223,2018-06-14 10:17:31.407383+05:30,223,2018-06-14 10:17:31.407383+05:30,254,2575343275,f
272,272,251,2018-05-29 16:57:51.459171+05:30,251,2018-05-29 16:57:51.459171+05:30,233,1234567890,f
273,273,223,2018-05-30 10:38:56.304047+05:30,223,2018-05-30 10:38:56.304047+05:30,254,7259689187,f
274,274,223,2018-05-30 10:59:51.273863+05:30,223,2018-05-30 10:59:51.273863+05:30,254,2377567576,f
275,275,251,2018-05-30 12:39:40.556538+05:30,251,2018-05-30 12:41:00.866549+05:30,233,1234567890,f
265,265,251,2018-05-29 11:47:04.517618+05:30,251,2018-05-30 12:42:45.065942+05:30,233,1234567890,f
314,314,223,2018-06-14 07:11:35.264224+05:30,223,2018-06-14 07:11:35.264224+05:30,254,5538652245,f
259,259,101,2018-05-25 13:09:53.24519+05:30,259,2018-08-31 17:31:00.911457+05:30,91,9742352128,f
264,264,251,2018-05-28 14:54:40.880044+05:30,251,2018-05-30 12:43:31.188229+05:30,233,1234567890,f
276,276,251,2018-05-30 12:46:16.633143+05:30,251,2018-05-30 12:46:16.633143+05:30,233,1234567890,f
277,277,254,2018-05-30 12:54:17.137012+05:30,254,2018-05-30 12:54:17.137012+05:30,233,1234567889,f
278,278,257,2018-05-30 12:58:13.211343+05:30,257,2018-05-30 12:58:13.211343+05:30,233,1234688888,f
280,280,101,2018-05-30 16:17:38.795207+05:30,101,2018-05-30 16:17:38.795207+05:30,91,7259689187,f
281,281,101,2018-05-30 16:22:46.584174+05:30,101,2018-05-30 16:22:46.584174+05:30,233,3543543465,f
282,282,101,2018-05-30 16:22:46.584174+05:30,101,2018-05-30 16:22:46.584174+05:30,233,3543656565,f
283,283,101,2018-05-30 16:25:14.611444+05:30,101,2018-05-30 16:25:14.611444+05:30,91,2345678898,f
285,285,223,2018-05-30 16:38:31.194612+05:30,223,2018-05-30 16:38:31.194612+05:30,254,6565756757,f
286,286,223,2018-05-31 07:01:44.477826+05:30,223,2018-05-31 07:01:44.477826+05:30,254,8555888655,f
287,287,101,2018-05-31 14:17:53.765144+05:30,287,2018-05-31 14:43:14.719101+05:30,254,1239874652,f
315,315,223,2018-06-14 10:23:36.040257+05:30,223,2018-06-14 10:23:36.040257+05:30,254,7535572445,f
316,316,223,2018-06-14 12:43:05.541919+05:30,223,2018-06-14 12:43:05.541919+05:30,254,8523697412,f
279,279,101,2018-05-30 14:33:09.077331+05:30,101,2018-05-31 19:31:45.577937+05:30,233,544488977,f
289,289,223,2018-06-01 12:18:01.226812+05:30,223,2018-06-01 12:18:01.226812+05:30,254,852369714,f
291,291,101,2018-06-01 14:37:23.856357+05:30,101,2018-06-01 14:37:23.856357+05:30,1808930,4545664556,f
292,292,101,2018-06-01 14:37:55.563998+05:30,101,2018-06-01 14:37:55.563998+05:30,321,2589631478,f
293,293,101,2018-06-01 14:39:13.669479+05:30,,2018-06-01 14:41:10.494971+05:30,254,5454545565,f
294,294,101,2018-06-01 14:41:10.494971+05:30,101,2018-06-01 14:41:10.494971+05:30,254,5465889099,f
295,295,223,2018-06-01 15:03:48.072801+05:30,223,2018-06-01 15:03:48.072801+05:30,254,2356652324,f
298,298,101,2018-06-01 17:54:52.570357+05:30,101,2018-06-01 17:54:52.570357+05:30,254,2589674310,f
299,299,101,2018-06-01 17:54:52.570357+05:30,101,2018-06-01 17:54:52.570357+05:30,254,2145478877,f
300,300,101,2018-06-01 17:57:30.922351+05:30,101,2018-06-01 17:57:30.922351+05:30,111,1236547890,f
301,301,101,2018-06-01 17:59:11.010796+05:30,101,2018-06-01 17:59:11.010796+05:30,254,147852396,f
302,302,101,2018-06-01 18:05:18.867096+05:30,101,2018-06-01 18:05:18.867096+05:30,254,1593742860,f
303,303,101,2018-06-01 18:05:18.867096+05:30,101,2018-06-01 18:05:18.867096+05:30,254,123456789,f
304,304,101,2018-06-01 18:05:18.867096+05:30,101,2018-06-01 18:05:18.867096+05:30,254,4545454545,f
305,305,101,2018-06-01 18:05:18.867096+05:30,101,2018-06-01 18:05:18.867096+05:30,254,1236547894,f
319,319,318,2018-08-23 14:31:35.856389+05:30,318,2018-08-23 14:31:35.856389+05:30,254,8523641223,f
307,307,101,2018-06-01 18:47:40.004187+05:30,101,2018-06-01 18:47:40.004187+05:30,233,1593742860,f
308,308,101,2018-06-03 23:14:00.944951+05:30,,2018-06-03 23:21:51.847535+05:30,233,0247775121,f
309,309,101,2018-06-04 12:48:27.854955+05:30,101,2018-06-04 12:48:27.854955+05:30,233,7675665544,f
310,310,101,2018-06-04 12:55:48.955581+05:30,101,2018-06-04 12:55:48.955581+05:30,233,4654654656,f
311,311,287,2018-06-04 13:33:46.680879+05:30,287,2018-06-04 13:33:46.680879+05:30,254,8699988558,f
320,320,101,2018-08-23 15:14:29.229589+05:30,101,2018-08-23 15:14:29.229589+05:30,254,4356576778,f
321,321,101,2018-08-23 15:20:17.075813+05:30,101,2018-08-23 15:20:17.075813+05:30,233,3435545657,f
322,322,101,2018-08-23 15:34:24.038739+05:30,101,2018-08-23 15:34:24.038739+05:30,254,1236547890,f
323,323,252,2018-08-23 15:45:50.570379+05:30,252,2018-08-23 15:45:50.570379+05:30,233,8686833868,f
324,324,252,2018-08-27 12:08:32.375656+05:30,252,2018-08-27 12:08:32.375656+05:30,233,6565659889,f
325,325,252,2018-08-27 12:41:43.939125+05:30,252,2018-08-27 12:41:43.939125+05:30,233,5582728986,f
326,326,252,2018-08-27 12:43:05.028941+05:30,252,2018-08-27 12:43:05.028941+05:30,233,6565689898,f
344,346,318,2018-08-30 12:00:24.712231+05:30,318,2018-08-30 12:00:24.712231+05:30,254,8585858880,f
296,296,101,2018-06-01 16:43:10.270354+05:30,,2018-08-27 13:45:03.64992+05:30,233,1564897845,f
297,297,101,2018-06-01 16:43:43.961198+05:30,,2018-08-27 13:45:03.64992+05:30,233,4323232323,f
290,290,101,2018-06-01 14:37:23.856357+05:30,101,2018-08-27 13:48:13.518191+05:30,91,4543564564,f
328,328,101,2018-08-27 13:49:37.220591+05:30,101,2018-08-27 13:49:37.220591+05:30,233,8658568593,f
329,329,327,2018-08-27 14:02:20.973971+05:30,327,2018-08-27 14:02:20.973971+05:30,233,2568688686,f
349,352,318,2018-08-30 14:59:32.027074+05:30,318,2018-08-30 14:59:32.027074+05:30,254,8564093214,f
327,327,101,2018-08-27 13:35:07.019606+05:30,327,2018-08-27 13:54:50.824281+05:30,233,4397483256,f
345,347,318,2018-08-30 12:20:42.625115+05:30,318,2018-08-30 12:20:42.625115+05:30,254,8867766553,f
346,348,318,2018-08-30 12:29:23.101302+05:30,318,2018-08-30 12:29:23.101302+05:30,254,1258746390,f
347,349,318,2018-08-30 12:37:54.47072+05:30,318,2018-08-30 12:37:54.47072+05:30,254,3858565726,f
348,350,318,2018-08-30 12:44:15.769589+05:30,318,2018-08-30 12:44:15.769589+05:30,254,3885324242,f
330,330,252,2018-08-28 11:45:43.112484+05:30,252,2018-08-28 11:45:43.112484+05:30,233,7327368686,f
332,332,318,2018-08-28 14:28:26.877137+05:30,318,2018-08-28 14:28:26.877137+05:30,254,9632558741,f
334,336,335,2018-08-29 09:57:59.361988+05:30,335,2018-08-29 09:57:59.361988+05:30,233,0248558866,f
335,337,318,2018-08-29 10:50:06.131888+05:30,318,2018-08-29 10:50:06.131888+05:30,254,5652221275,f
336,338,256,2018-08-29 12:29:04.732334+05:30,256,2018-08-29 12:29:04.732334+05:30,91,5555555555,f
337,339,257,2018-08-29 12:33:34.548824+05:30,257,2018-08-29 12:33:34.548824+05:30,233,5528085288,f
339,341,318,2018-08-30 09:10:32.029326+05:30,318,2018-08-30 09:10:32.029326+05:30,254,8523697412,f
340,342,318,2018-08-30 11:24:47.615875+05:30,318,2018-08-30 11:24:47.615875+05:30,254,7259689187,f
342,344,318,2018-08-30 11:52:52.415881+05:30,318,2018-08-30 11:52:52.415881+05:30,254,1258746390,f
343,345,318,2018-08-30 11:55:04.629524+05:30,318,2018-08-30 11:55:04.629524+05:30,254,7259689187,f
361,367,111,2018-08-30 17:39:52.752701+05:30,111,2018-08-30 18:22:34.369919+05:30,233,0852147963,f
331,331,327,2018-08-28 11:56:25.307734+05:30,327,2018-08-31 16:01:35.045594+05:30,233,4397483256,f
350,353,343,2018-08-30 15:17:16.98206+05:30,343,2018-08-30 15:17:16.98206+05:30,254,5353375255,f
351,354,343,2018-08-30 15:26:13.49808+05:30,343,2018-08-30 15:26:13.49808+05:30,254,5258657524,f
352,355,343,2018-08-30 15:29:41.794081+05:30,343,2018-08-30 15:29:41.794081+05:30,254,5258657524,f
354,357,356,2018-08-30 15:35:36.534773+05:30,356,2018-08-30 15:35:36.534773+05:30,254,8657554452,f
355,360,356,2018-08-30 15:37:35.753703+05:30,356,2018-08-30 15:37:35.753703+05:30,254,6586565765,f
356,361,356,2018-08-30 15:37:55.435093+05:30,356,2018-08-30 15:37:55.435093+05:30,254,1593742860,f
341,343,101,2018-08-30 11:42:51.777976+05:30,,2018-08-31 09:54:26.326427+05:30,233,6666666666,f
357,362,356,2018-08-30 15:38:39.591861+05:30,356,2018-08-30 15:38:39.591861+05:30,254,1593742860,f
358,363,356,2018-08-30 15:41:52.725249+05:30,356,2018-08-30 15:41:52.725249+05:30,254,3556886856,f
306,306,101,2018-06-01 18:38:17.385757+05:30,,2018-09-14 11:20:58.264651+05:30,254,1239874650,f
359,364,356,2018-08-30 15:43:44.556432+05:30,356,2018-08-30 15:43:44.556432+05:30,254,1593742860,f
284,284,101,2018-05-30 16:31:01.782352+05:30,455,2018-11-29 13:12:45.077613+05:30,91,4543465636,f
318,318,101,2018-08-23 12:15:39.966573+05:30,,2018-09-14 11:10:06.23278+05:30,254,8564093214,f
360,366,343,2018-08-30 16:02:09.532269+05:30,343,2018-08-30 16:02:09.532269+05:30,254,1593742860,f
426,443,356,2018-09-07 14:50:03.576409+05:30,356,2018-09-07 14:50:03.576409+05:30,254,5553735835,f
393,407,356,2018-09-03 17:26:05.818587+05:30,356,2018-09-03 17:26:05.818587+05:30,254,1236547890,f
410,425,356,2018-09-05 10:39:12.481998+05:30,356,2018-09-05 10:40:05.175039+05:30,254,8555552214,f
362,368,111,2018-08-31 10:55:55.208147+05:30,111,2018-08-31 10:56:27.296553+05:30,233,5775665755,f
363,369,111,2018-08-31 10:57:43.567069+05:30,111,2018-08-31 10:59:20.926737+05:30,233,8523697410,f
364,370,111,2018-08-31 11:01:49.008087+05:30,111,2018-08-31 11:02:04.115137+05:30,233,1234567890,f
411,426,356,2018-09-05 10:40:16.867317+05:30,356,2018-09-05 10:40:16.867317+05:30,254,8555552214,f
365,371,111,2018-08-31 11:06:32.087133+05:30,111,2018-08-31 11:23:21.794021+05:30,233,0244145696,f
366,372,111,2018-08-31 11:24:31.832573+05:30,111,2018-08-31 11:24:31.832573+05:30,233,8355865735,f
367,373,111,2018-08-31 11:27:06.195693+05:30,111,2018-08-31 11:33:35.594995+05:30,233,6541239870,f
368,374,111,2018-08-31 11:34:45.94161+05:30,111,2018-08-31 11:34:45.94161+05:30,233,7565675675,f
369,375,111,2018-08-31 12:17:31.065196+05:30,111,2018-08-31 12:19:05.286085+05:30,233,8523697410,f
394,408,356,2018-09-03 17:30:49.973486+05:30,356,2018-09-03 17:30:49.973486+05:30,254,1236547890,f
395,409,356,2018-09-03 17:31:56.062082+05:30,356,2018-09-03 17:31:56.062082+05:30,254,3583585572,f
412,427,356,2018-09-05 10:41:14.944135+05:30,356,2018-09-05 10:41:14.944135+05:30,254,8523697410,f
370,376,111,2018-08-31 12:26:02.957691+05:30,111,2018-08-31 12:30:11.535755+05:30,233,7537654525,f
396,410,356,2018-09-03 17:32:26.779597+05:30,356,2018-09-03 17:32:26.779597+05:30,254,1236547890,f
371,377,111,2018-08-31 12:34:17.956936+05:30,111,2018-08-31 12:40:14.396577+05:30,233,8523697412,f
413,428,356,2018-09-05 10:41:31.255996+05:30,356,2018-09-05 10:41:31.255996+05:30,254,8523697410,f
397,411,394,2018-09-03 17:35:52.22523+05:30,394,2018-09-03 17:35:52.22523+05:30,254,1236547890,f
398,412,356,2018-09-03 17:50:16.364344+05:30,356,2018-09-03 17:50:16.364344+05:30,254,1593742860,f
372,378,111,2018-08-31 14:44:29.451293+05:30,111,2018-08-31 14:59:09.062733+05:30,233,5786576544,f
427,444,101,2018-09-11 12:26:59.829427+05:30,101,2018-09-11 12:26:59.829427+05:30,233,1236547890,f
373,379,356,2018-08-31 15:30:59.050078+05:30,356,2018-08-31 15:32:17.159235+05:30,254,566432265,f
399,413,101,2018-09-03 19:05:54.757209+05:30,101,2018-09-03 19:05:54.757209+05:30,233,0242823459,f
400,414,101,2018-09-03 19:05:54.757209+05:30,101,2018-09-03 19:05:54.757209+05:30,233,0540407004,f
374,380,356,2018-08-31 15:34:56.98634+05:30,356,2018-08-31 15:40:33.21346+05:30,254,3555542275,f
401,415,101,2018-09-03 20:10:35.143906+05:30,101,2018-09-03 20:10:35.143906+05:30,233,0244145696,f
428,445,101,2018-09-11 12:26:59.829427+05:30,101,2018-09-11 12:26:59.829427+05:30,233,4543654765,f
375,381,356,2018-08-31 15:57:14.786865+05:30,356,2018-08-31 15:57:14.786865+05:30,254,3583585572,f
161,161,101,2018-01-23 11:34:45.64105+05:30,254,2018-08-31 17:25:40.465512+05:30,91,9553247666,f
376,382,259,2018-08-31 17:31:32.262545+05:30,259,2018-08-31 17:32:02.659193+05:30,91,8523697410,f
353,356,101,2018-08-30 15:31:33.566708+05:30,356,2018-09-04 09:55:34.092833+05:30,254,1234567890,f
377,383,101,2018-09-03 11:24:54.458499+05:30,,2018-09-03 11:25:56.822488+05:30,254,1236547890,f
378,390,111,2018-09-03 12:40:20.980368+05:30,111,2018-09-03 12:40:20.980368+05:30,233,0986556666,f
381,395,356,2018-09-03 14:34:06.135744+05:30,356,2018-09-03 14:34:06.135744+05:30,254,8523697410,f
382,396,356,2018-09-03 14:35:34.541991+05:30,356,2018-09-03 14:35:34.541991+05:30,254,8523697410,f
383,397,356,2018-09-03 14:35:48.231914+05:30,356,2018-09-03 14:35:48.231914+05:30,254,8523697410,f
402,416,394,2018-09-04 10:35:20.738669+05:30,394,2018-09-04 10:35:20.738669+05:30,254,1236547890,f
384,398,394,2018-09-03 14:44:43.745437+05:30,394,2018-09-03 14:44:51.309594+05:30,254,1236547890,f
419,434,356,2018-09-05 15:48:41.731485+05:30,356,2018-09-05 15:50:28.945556+05:30,254,8523697410,f
409,424,356,2018-09-05 10:38:02.788263+05:30,356,2018-09-05 15:51:05.658976+05:30,254,8523697410,f
385,399,356,2018-09-03 14:47:06.955975+05:30,356,2018-09-03 14:47:06.955975+05:30,254,1236547890,f
420,437,356,2018-09-05 16:04:36.721296+05:30,356,2018-09-05 16:04:36.721296+05:30,254,8523697410,f
392,406,101,2018-09-03 17:15:00.573378+05:30,356,2018-09-04 10:47:55.7354+05:30,254,1236547890,f
436,453,394,2018-09-18 15:15:53.268416+05:30,394,2018-09-18 15:16:23.495681+05:30,254,5565327237,f
386,400,394,2018-09-03 14:53:46.613354+05:30,394,2018-09-03 14:53:46.613354+05:30,254,1236547890,f
414,429,394,2018-09-05 14:41:00.224921+05:30,394,2018-09-05 14:41:00.224921+05:30,254,3562322345,f
387,401,356,2018-09-03 14:55:46.795385+05:30,356,2018-09-03 14:55:46.795385+05:30,254,1236547890,f
403,418,356,2018-09-04 10:57:25.586342+05:30,356,2018-09-04 10:57:25.586342+05:30,254,2345678906,f
388,402,394,2018-09-03 14:57:22.473116+05:30,394,2018-09-03 14:57:22.473116+05:30,254,1236547890,f
404,419,393,2018-09-04 10:59:52.72116+05:30,393,2018-09-04 10:59:52.72116+05:30,254,6852424325,f
389,403,356,2018-09-03 16:06:12.659747+05:30,356,2018-09-03 16:06:12.659747+05:30,254,1236547890,f
421,438,335,2018-09-05 23:56:22.218121+05:30,335,2018-09-05 23:56:22.218121+05:30,233,7639540205,f
422,439,356,2018-09-06 12:42:07.469634+05:30,356,2018-09-06 12:42:07.469634+05:30,254,5353567722,f
406,421,394,2018-09-04 11:41:41.704166+05:30,253,2018-09-05 14:43:17.068196+05:30,254,3562322345,f
415,430,253,2018-09-05 14:47:47.832816+05:30,253,2018-09-05 14:47:47.832816+05:30,254,3562322345,f
416,431,253,2018-09-05 14:51:08.949199+05:30,253,2018-09-05 14:51:08.949199+05:30,91,7259689187,f
405,420,356,2018-09-04 11:24:20.256839+05:30,356,2018-09-04 11:24:54.463458+05:30,254,2345678906,f
379,393,101,2018-09-03 12:43:28.76976+05:30,356,2018-09-04 15:23:05.945985+05:30,254,2345678906,f
417,432,253,2018-09-05 14:51:44.988234+05:30,253,2018-09-05 14:58:46.061368+05:30,91,7259689187,f
429,446,101,2018-09-11 14:26:29.007228+05:30,101,2018-09-11 14:26:29.007228+05:30,254,1223154878,f
407,422,394,2018-09-04 15:47:37.424701+05:30,394,2018-09-04 15:47:37.424701+05:30,254,3562322345,f
430,447,101,2018-09-11 14:26:29.007228+05:30,101,2018-09-11 14:26:29.007228+05:30,254,1234566767,f
408,423,356,2018-09-05 10:35:51.673477+05:30,356,2018-09-05 10:37:09.771345+05:30,254,8523697410,f
431,448,101,2018-09-11 14:26:29.007228+05:30,101,2018-09-11 14:26:29.007228+05:30,254,1234567890,f
432,449,101,2018-09-11 14:27:05.859104+05:30,101,2018-09-11 14:27:05.859104+05:30,233,4254545454,f
433,450,101,2018-09-11 14:27:39.800304+05:30,101,2018-09-11 14:27:39.800304+05:30,233,3142345565,f
418,433,356,2018-09-05 15:46:05.670439+05:30,356,2018-09-05 15:46:05.670439+05:30,254,8523697410,f
434,451,394,2018-09-14 11:24:15.383292+05:30,394,2018-09-14 11:24:15.383292+05:30,254,8523697410,f
424,441,101,2018-09-07 14:38:58.55141+05:30,101,2018-09-07 14:38:58.55141+05:30,233,1236547890,f
425,442,356,2018-09-07 14:43:59.742263+05:30,356,2018-09-07 14:43:59.742263+05:30,254,2858258883,f
390,404,356,2018-09-03 16:09:08.693485+05:30,,2018-09-11 14:29:02.745961+05:30,254,1236547890,f
391,405,101,2018-09-03 15:52:08.108068+05:30,,2018-09-14 11:16:46.802627+05:30,254,1593742860,f
437,454,101,2018-09-18 18:20:52.625204+05:30,101,2018-09-18 18:20:52.625204+05:30,254,123456789,f
435,452,394,2018-09-14 11:27:10.912666+05:30,394,2018-09-14 11:27:10.912666+05:30,254,8523697410,f
380,394,101,2018-09-03 12:50:05.538893+05:30,394,2018-09-19 16:07:22.449098+05:30,254,1236547890,f
439,456,455,2018-11-29 13:06:30.668339+05:30,455,2018-11-29 13:06:30.668339+05:30,233,8675632327,f
441,458,455,2018-11-29 13:31:54.082354+05:30,455,2018-11-29 13:51:00.13129+05:30,233,7628237567,f
440,457,455,2018-11-29 13:30:26.819991+05:30,455,2018-11-29 13:30:26.819991+05:30,233,8523697410,f
443,460,455,2018-11-29 14:21:41.899269+05:30,455,2018-11-29 14:21:41.899269+05:30,233,5582457789,f
444,463,101,2018-12-04 13:13:08.926635+05:30,101,2018-12-04 13:13:08.926635+05:30,233,4324435465,f
445,464,101,2018-12-04 13:13:08.926635+05:30,101,2018-12-04 13:13:08.926635+05:30,233,3434556767,f
446,465,101,2018-12-04 13:13:08.926635+05:30,101,2018-12-04 13:13:08.926635+05:30,233,1234567890,f
447,466,101,2018-12-04 13:17:46.862687+05:30,101,2018-12-04 13:17:46.862687+05:30,233,1234567890,f
448,467,455,2018-12-04 14:33:55.725169+05:30,455,2018-12-04 14:33:55.725169+05:30,233,7657685656,f
449,468,101,2018-12-05 16:01:14.04696+05:30,101,2018-12-05 16:01:14.04696+05:30,34556,123456789,f
450,469,101,2018-12-05 16:01:14.04696+05:30,101,2018-12-05 16:01:14.04696+05:30,34556,987654321,f
451,470,101,2018-12-05 16:04:09.34639+05:30,101,2018-12-05 16:04:09.34639+05:30,233,987654321,f
452,471,101,2018-12-05 16:04:09.34639+05:30,101,2018-12-05 16:04:09.34639+05:30,233,987654321,f
453,472,101,2018-12-05 16:09:20.488942+05:30,101,2018-12-05 16:09:20.488942+05:30,34556,123456789,f
454,473,101,2018-12-05 16:14:37.900424+05:30,101,2018-12-05 16:14:37.900424+05:30,1808930,123456789,f
455,474,101,2018-12-05 16:31:13.312635+05:30,101,2018-12-05 16:31:13.312635+05:30,91,123456789,f
457,476,475,2018-12-10 15:22:32.913002+05:30,475,2018-12-10 15:22:32.913002+05:30,91,123456789,f
458,477,475,2018-12-10 15:49:01.343581+05:30,475,2018-12-10 15:49:01.343581+05:30,91,123456789,f
124,124,108,2018-01-18 03:19:33.591549+05:30,335,2018-12-24 21:26:31.280115+05:30,233,0247775121,f
459,478,335,2018-12-24 22:00:57.846529+05:30,335,2018-12-24 22:00:57.846529+05:30,233,0242823459,f
461,480,479,2018-12-26 14:37:57.955289+05:30,479,2018-12-26 14:37:57.955289+05:30,233,7555857355,f
462,481,101,2018-12-26 19:10:07.022676+05:30,101,2018-12-26 19:10:07.022676+05:30,91,4564565567,f
463,482,101,2018-12-26 19:10:07.022676+05:30,101,2018-12-26 19:10:07.022676+05:30,91,3543544364,f
456,475,101,2018-12-05 17:30:48.917432+05:30,,2018-12-26 19:10:07.022676+05:30,91,9663025845,f
464,483,479,2018-12-26 19:19:00.935491+05:30,479,2018-12-26 19:19:00.935491+05:30,233,6556565998,f
460,479,455,2018-12-26 14:33:23.497808+05:30,,2019-01-28 12:35:44.622507+05:30,233,8523697410,f
465,484,101,2019-02-07 15:22:08.161345+05:30,101,2019-02-07 15:22:08.161345+05:30,233,8888888888,f
466,485,101,2019-02-07 18:28:46.313893+05:30,,2019-02-07 18:29:03.196486+05:30,233,5878354757,f
467,486,101,2019-02-07 18:28:46.313893+05:30,,2019-02-07 18:29:03.196486+05:30,233,8493682534,f
468,487,101,2019-02-07 18:33:34.211742+05:30,101,2019-02-07 18:33:34.211742+05:30,233,8436586843,f
469,488,232,2019-02-07 18:45:35.805574+05:30,232,2019-02-07 18:45:55.451984+05:30,233,7558568568,f
257,257,101,2018-05-25 13:08:19.054647+05:30,257,2019-02-07 18:57:09.245289+05:30,233,1234567890,f
470,489,257,2019-02-07 18:57:33.203052+05:30,257,2019-02-07 18:57:33.203052+05:30,233,4228568566,f
254,254,101,2018-05-25 13:04:19.17543+05:30,254,2019-02-07 19:00:09.258336+05:30,233,1234567890,f
471,490,101,2019-02-08 05:48:55.496963+05:30,101,2019-02-08 05:48:55.496963+05:30,233,0247775121,f
472,491,111,2019-02-08 12:58:40.762232+05:30,111,2019-02-08 12:58:40.762232+05:30,233,8555555555,f
473,492,101,2019-02-08 14:04:11.733508+05:30,101,2019-02-08 14:04:11.733508+05:30,254,9759647365,f
474,493,101,2019-02-08 15:55:31.21037+05:30,101,2019-02-08 15:55:31.21037+05:30,233,8574867585,f
475,494,101,2019-02-08 16:36:42.593735+05:30,101,2019-02-08 16:36:42.593735+05:30,233,999999999,f
476,495,101,2019-02-09 11:30:22.923039+05:30,101,2019-02-09 11:30:22.923039+05:30,233,777777777,f
477,496,101,2019-02-09 12:12:51.687699+05:30,101,2019-02-09 12:12:51.687699+05:30,233,6666666666,f
478,497,335,2019-02-09 21:24:52.170633+05:30,335,2019-02-09 21:24:52.170633+05:30,233,0242823459,f
338,340,335,2018-08-29 20:45:11.362992+05:30,335,2019-02-12 13:49:02.19713+05:30,233,1234567890,f
489,513,511,2019-02-13 10:29:40.525443+05:30,511,2019-02-13 10:35:11.729896+05:30,233,0241165181,f
483,502,101,2019-02-11 12:04:09.459116+05:30,,2019-02-13 11:47:22.355317+05:30,233,6848953734,f
423,440,335,2018-09-06 20:45:36.003489+05:30,,2019-02-11 06:45:19.086065+05:30,233,0541609869,f
482,501,335,2019-02-11 07:31:44.741793+05:30,335,2019-02-11 07:31:44.741793+05:30,233,7889455666,f
490,514,502,2019-02-13 15:51:51.998064+05:30,502,2019-02-13 15:54:07.481084+05:30,233,9895629089,f
317,317,101,2018-06-14 15:13:42.761415+05:30,,2019-02-14 04:00:05.882431+05:30,233,0247775121,f
479,498,335,2019-02-11 05:09:05.371058+05:30,,2019-02-14 04:00:05.882431+05:30,233,0541609869,f
438,455,101,2018-11-29 12:56:04.878711+05:30,,2019-02-14 12:49:55.266777+05:30,233,7259689189,f
442,459,101,2018-11-29 14:20:21.964243+05:30,,2019-02-14 12:49:55.266777+05:30,91,7259689187,f
232,232,101,2018-05-24 18:00:52.136619+05:30,232,2019-02-14 18:34:28.887281+05:30,233,0247775121,f
484,503,502,2019-02-11 12:11:53.967521+05:30,502,2019-02-11 17:43:16.186979+05:30,233,2244568568,f
485,504,335,2019-02-12 00:25:47.013333+05:30,335,2019-02-12 00:25:47.013333+05:30,233,7450560056,f
486,509,335,2019-02-12 00:46:34.949204+05:30,335,2019-02-12 00:46:34.949204+05:30,233,2477751215,f
487,510,335,2019-02-12 00:53:12.676401+05:30,335,2019-02-12 00:53:12.676401+05:30,233,2477751215,f
491,515,232,2019-02-14 18:35:18.952253+05:30,232,2019-02-14 18:35:18.952253+05:30,233,5755758563,f
492,516,335,2019-02-14 18:48:27.12424+05:30,335,2019-02-14 18:49:13.364445+05:30,233,5457566866,f
493,517,335,2019-02-14 18:51:50.831568+05:30,335,2019-02-14 18:51:50.831568+05:30,233,5757565685,f
481,500,101,2019-02-11 06:02:04.410656+05:30,,2019-02-12 01:30:34.702173+05:30,233,0247775121,f
480,499,101,2019-02-11 05:12:07.166945+05:30,335,2019-02-12 01:35:25.225178+05:30,233,0548108587,f
494,518,101,2019-02-15 02:21:20.873941+05:30,101,2019-02-15 02:21:20.873941+05:30,254,701160581,f
495,519,511,2019-02-15 12:00:53.348789+05:30,511,2019-02-15 12:00:53.348789+05:30,233,0244145696,f
333,335,101,2018-08-28 17:19:18.258866+05:30,335,2019-02-15 12:44:28.620337+05:30,233,0541609869,f
488,511,335,2019-02-12 01:48:19.284818+05:30,335,2019-02-15 12:46:06.291355+05:30,233,0541609869,f
496,520,101,2019-02-15 17:24:50.753078+05:30,101,2019-02-15 17:24:50.753078+05:30,233,0501122334,f
497,521,232,2019-04-26 19:19:47.849763+05:30,232,2019-04-26 19:19:47.849763+05:30,233,1234567890,f
103,103,101,2018-01-16 13:02:14.956572+05:30,252,2019-05-03 19:20:15.096482+05:30,233,9999999999,f
288,288,101,2018-05-31 23:13:49.736444+05:30,101,2019-05-04 00:25:24.398399+05:30,233,0247775121,f
500,524,523,2019-05-04 00:41:15.561452+05:30,,2019-05-04 00:41:54.442276+05:30,233,247775121,f
502,526,101,2019-05-04 18:29:28.360334+05:30,101,2019-05-04 18:29:28.360334+05:30,254,089897879,f
503,527,526,2019-05-04 18:35:25.483055+05:30,526,2019-05-04 18:35:25.483055+05:30,254,8585858585,f
505,529,101,2019-05-06 12:14:00.664316+05:30,101,2019-05-06 12:14:00.664316+05:30,254,9876543210,f
506,530,524,2019-05-07 12:36:16.562993+05:30,524,2019-05-07 12:37:01.843538+05:30,233,0540407004,f
507,531,524,2019-06-19 17:20:34.293076+05:30,524,2019-06-19 17:46:37.706597+05:30,233,0541609869,f
498,522,252,2019-05-03 15:57:06.459798+05:30,,2019-07-24 19:10:57.431097+05:30,233,8523697410,f
499,523,101,2019-05-04 00:28:56.157209+05:30,101,2019-07-24 21:59:56.783831+05:30,233,247775121,f
509,533,101,2019-06-28 16:24:44.156165+05:30,,2019-06-28 16:25:14.017851+05:30,233,0987654321,f
510,534,101,2019-06-28 16:24:44.156165+05:30,,2019-06-28 16:25:14.017851+05:30,233,3287474767,f
511,535,101,2019-06-28 16:24:44.156165+05:30,,2019-06-28 16:25:14.017851+05:30,233,3432545547,f
512,536,101,2019-06-28 16:26:27.304767+05:30,,2019-06-28 16:26:54.609607+05:30,233,2332445689,f
519,543,101,2019-07-24 22:00:48.278453+05:30,101,2019-07-24 22:01:05.309309+05:30,233,9003495962,f
504,528,101,2019-05-06 12:12:12.718961+05:30,,2019-07-25 11:00:14.700496+05:30,233,7654321987,f
520,544,101,2019-07-26 15:54:53.408796+05:30,101,2019-07-26 15:54:53.408796+05:30,91,9486540283,f
514,538,252,2019-07-02 15:09:45.711644+05:30,252,2019-07-02 15:09:45.711644+05:30,233,9088888888,f
521,545,101,2019-07-26 16:12:21.374427+05:30,101,2019-07-26 16:12:21.374427+05:30,000,9003495969,f
515,539,101,2019-07-15 00:34:17.044161+05:30,101,2019-07-15 00:34:17.044161+05:30,254,0701160581,f
516,540,101,2019-07-19 15:14:05.711174+05:30,101,2019-07-19 15:14:05.711174+05:30,91,9827837832,f
508,532,252,2019-06-28 12:59:02.850867+05:30,252,2019-07-19 15:32:58.179101+05:30,233,1478523698,f
517,541,252,2019-07-22 15:07:40.05092+05:30,252,2019-07-22 15:08:44.770268+05:30,233,9525584225,f
518,542,101,2019-07-24 19:10:57.431097+05:30,101,2019-07-24 19:10:57.431097+05:30,91,8056439910,f
522,546,252,2019-07-26 16:20:20.331509+05:30,252,2019-07-26 17:47:39.44322+05:30,233,9176145127,f
523,547,101,2019-07-28 15:05:35.474792+05:30,101,2019-07-28 15:05:35.474792+05:30,91,9486540283,f
524,548,101,2019-07-28 15:13:34.958175+05:30,101,2019-07-28 15:13:34.958175+05:30,91,9486540283,f
525,549,101,2019-07-28 15:40:42.249215+05:30,101,2019-07-28 15:40:42.249215+05:30,91,9486540283,f
528,552,252,2019-08-02 12:41:09.053315+05:30,252,2019-08-02 13:27:16.193808+05:30,233,9176145127,f
527,551,101,2019-07-29 12:34:43.178881+05:30,252,2019-07-29 12:56:40.847109+05:30,233,0247775121,f
501,525,524,2019-05-04 02:22:21.967838+05:30,524,2019-08-02 14:09:30.393111+05:30,233,0540407004,f
526,550,252,2019-07-28 16:20:04.525806+05:30,252,2019-08-01 11:44:07.577867+05:30,233,9486540283,f
252,252,101,2018-05-25 13:01:28.807839+05:30,252,2019-08-02 12:51:55.477239+05:30,233,5538838525,f
513,537,524,2019-07-01 03:18:12.534371+05:30,524,2019-08-02 14:15:58.726238+05:30,233,0541609869,f
